עד תאריך	מתאריך	קובץ תמונה	תוכן3	תוכן2	תוכן1	כותרת
ב תשרי	א תשרי		ומבואר בזוהר הקדוש שעקידת יצחק הייתה ברה, ולכן קוראים בתורה בראש השנה בפרשת עקידת יצחק, ולכן מטעם זה גם כן נוהגים ללכת לנהר לומר תשליך, להזכיר זכות אברהם ויצחק	אחר תפילת המנחה ביום הראשון של רה, נוהגים ללכת על יד שפת הים או הנהר, או באר מים חיים, או בור, לומר סדר תשליך. ומנהג זה נזכר עם טעמו בספר מנהגי מהרי מולין, עפי מה שאמרו במדרש: שכאשר הלך אברהם אבינו עם יצחק אל הר המוריה להעלותו לעולה כאשר נצטווה מפי הקבה, קדמו השטן בדרך ונעשה לפניהם כנהר גדול כדי שלא יוכלו לעבור, ואברהם ויצחק לא התייחסו לזה ונכנסו למים עד שהגיעו לצווארם, ואז התפלל אברהם להקבה ומיד גער בשטן והלך לו. 	מצות עשה מן התורה לשמוע תרועת השופר ביום ראש השנה, שנאמר יום תרועה יהיה לכם. ואסור לדבר בין התקיעות, וכל שכן בזמן התקיעות עצמם, ונחלקו הפוסקים אם יש לומר וידוי בין התקיעות, (כפי שמודפס בהרבה מחזורים) או שאסור לומר וידוי בין התקיעות, ודעת מרן הרב עובדיה יוסף שליטא, שאסור לומר וידוי בין התקיעות, ושאף מי שנהג כן, צריך לבטל מנהגו, שנכנס לחשש ברכה לבטלה, ולספק אם חייב לחזור שוב ולברך על התקיעות. ומכל מקום, אם רוצה להרהר הוידוי בליבו בלבד, רשאי לעשות כן בין התקיעות, אבל בשעת התקיעות עצמם ידום ויקשיב היטב לקול השופר.	מענייני ראש השנה
ג תשרי	ג תשרי		למחרת הגיעו למצפה עוד שמונים אנשים שהגיעו מאזור ממלכת ישראל - שכם, שילה ושומרון - כדי להקריב קרבנות בבית המקדש, ובדרך הם שמעו על החורבן. ישמעאל הכניס אותם למצפה ורצח גם אותם, מלבד עשרה שאמרו לו שיש להם מטמוני אוכל קבורים בשדה.	גדליהו בן אחיקם היה אחד מאצילי העם בתקופת חורבן בית ראשון, שמונה לפקיד מטעם מלך בבל, אך תקופת כהונתו לא האריכה ימים, והוא נרצח לאחר חודשיים. בעקבות מותו, ירדו למצרים אחרוני העם שלא הוגלו בידי הבבלים, ועל שמו נקרא צום גדליה. בחודש השביעי - כלומר, זמן קצר לאחר שמונה גדליהו, שהוצב בתפקידו רק אחרי החורבן, שהיה בחודש החמישי - הגיע ישמעאל בן נתניה למצפה יחד עם עוד עשרה אנשים. על פי רדק, היה זה בראש החודש השביעי - ראש השנה . לאחר שאכלו ושתו עם גדליהו, הם קמו ורצחו את גדליהו ואת הנמצאים במצפה, יהודים וכשדים. 	צום גדליה הוא יום שלישי בתשרי שבו נהרג גדליה בן אחיקם, ונכבית גחלת ישראל הנשארה, ומהריגתו התגלגלה גלותם. וכמו שמבואר כל זה בספר ירמיה, (פרק מ' ואילך). ובשנה שחל יום ג' בתשרי בשבת, וידוע שאסור להתענות בשבת, נדחית התענית ליום ד' בתשרי.	צום גדליה בן אחיקם
ח תשרי	ד תשרי		וכתב רבנו יוסף חיים זצל, שחייב כל אדם לבקש מחילה מאביו ואימו בערב יום הכיפורים, על כל מה שחטא להם ופגע בכבודם, ומי שאינו עושה כן נקרא חוטא, ומזלזל בכבוד אביו ואימו, שאם בין אדם לחברו חייבו חזל לבקש מחילה מחברו, כל שכן מאביו ואימו שכמעט אין אדם ניצול מחטא זה בכל יום.	עבירות שבין אדם לחברו אין יום הכיפורים מכפר עד שירצה את חברו, (שיפייס את חברו), שנאמר כי ביום הזה יכפר עליכם לטהר אתכם מכל חטאתיכם לפני ה' תטהרו. ולכן אם חטא לחברו בממון כגון שגזל ממנו או לקח ממנו ממון בריבית וכדומה, ישיב לו תחילה הממון שלקח ממנו שלא כדין, ואף על פי שהשיב לו, אינו נמחל לו עד שיפייסנו. ואפילו לא הקניט את חברו אלא בדברים, (דהיינו בדיבורים), צריך לפייסו, וכל שכן אם הכלימו והלבין פניו ברבים, שהרי הוא כשופך דמים. וכבר אמרו רבותינו: נוח לו לאדם שיפיל עצמו לכבשן האש ואל ילבין פני חברו ברבים.	אמרו רבותינו במסכת ראש השנה (יח.) על הפסוק דרשו ה' בהמצאו, אלו עשרה ימים מראש השנה ועד יום הכיפורים. וכתב הרמבם: אף על פי שהתשובה והצעקה יפה לעולם, בעשרה ימים שבין ראש השנה ליום הכפורים היא יפה ביותר, ומתקבלת היא מיד, שנאמר דרשו ה' בהמצאו. ולכן, בימים אלו מוטלת באופן מיוחד החובה והאחריות על האדם, לפשפש במעשיו, ולשוב בתשובה שלימה על מעשיו הרעים, והיינו שיתחרט על מעשיו הרעים, ויודה בהם בפיו, והיינו אמירת הוידוי, ויקבל על עצמו מכאן ולהבא שלא ישוב לחטאיו, ויעיד עליו יודע תעלומות שלא ישוב לזה החטא לעולם.	עשרת ימי תשובה
ט תשרי	ט תשרי		שאלה: האם מותר ליטול לפני תענית יום הכיפורים, קפסולה או סירופ קלי צום, הגורם לכך שהתענית עוברת ביתר קלות, או שיש להחמיר בזה? 	נהגו בכל תפוצות ישראל לעשות כפרות בערב יום הכיפורים, לשחוט תרנגולים לכל בני הבית, ונוהגים ליקח תרנגול זכר לכל אחד מבני הבית הזכרים, ותרנגולת נקבה לכל אחת מבנות הבית הנקבות. ובעת שמסובב התרנגול סביב לראש המתכפר, אומר: זה חליפתך זה תמורתך זה כפרתך, וכפי שנדפס במחזורים. וכשמסובב סביב עצמו יאמר, זה חליפתי וכו'. ניתן גם לקיים מנהג הכפרות במעות שיאמר: אלו המעות ילכו לצדקה ותכנס אתה לחיים טובים ולשלום. בערב יוהכ, נוהגים להתפלל תפילת מנחה, בעוד היום גדול, דהיינו בשעה מוקדמת, ובתפילת יח, אומר כל אחד פסוק יהיו לרצון, ואחכ אומר וידוי ועל חטא כפי שנדפס במחזורים. ואז ילך לביתו ויאכל סעודה מפסקת.	כתוב בתורה (ויקרא כג.) ועניתם את נפשתיכם בתשעה לחודש בערב דהיינו שמליל עשירי בתשרי חלה החובה להתענות תענית יום הכיפורים. והקשו רבותינו (במסכת ברכות דף ח.) על לשון הפסוק בתשעה לחודש בערב, שלכאורה היה נכון יותר לכתוב בעשירי לחודש וממילא נדע שחובה להתענות כבר מליל עשירי בתשרי, שהרי בכל דיני תורתינו, היום הולך אחר הלילה שלפניו. ותירצו רבותינו שהטעם שנכתב בפסוק בתשיעי לחודש בערב בא ללמדינו שכל האוכל ושותה בתשיעי, מעלה עליו הכתוב כאילו התענה תשיעי ועשירי. וראוי למעט במלאכה בערב יוהכ, כדי שיוכל להרבות באכילה ושתיה, וכל העושה מלאכה בערב יוהכ אינו רואה סימן ברכה לעולם מאותה מלאכה.	ערב יום הכיפורים
י תשרי	י תשרי		צריך להוסיף מחול על הקודש במוצאי יוהכ, ולכן אסור לאכול או לעשות מלאכה במוצאי יוהכ מיד עם צאת הכוכבים, אלא יש להמתין מעט, וראוי לכל אדם להחמיר על עצמו שלא לאכול ולא לעשות מלאכה במוצאי יוהכ, עד שיעברו שעה וחומש (72 דקות) מזמן שקיעת החמה, כדעת רת. ומכל מקום, אדם חולה וכן נשים מעוברות ומניקות המצטערים הרבה מן התענית, רשאים להקל לטעום מעט זמן אחר צאת הכוכבים. צריך להבדיל על הכוס במוצאי יוהכ. ואין מברכים על הבשמים בהבדלה, וצריך לברך בורא מאורי האש על נר ששבת (נר הדולק מערב יוהכ). המדקדקים במצוות מתחילים במוצאי יוהכ בבניית הסוכה, כדי לצאת ממצווה למצווה, ועל כגון זה נאמר: ילכו מחיל אל חיל.	מי שהוצרך לאכול ביום הכיפורים מחמת מחלה, אם הוא מוכרח לאכול ולשתות כדרכו ממש, הרי שהוא רשאי לעשות כן. שאין לך דבר העומד בפני פיקוח נפש. אולם בדרך כלל, אין הדבר כן, אלא הוא יכול להסתפק באכילה ושתיה באופן שאינו אוכל או שותה בבת אחת כמות גדולה, אלא יעשה הפסקות בין אכילה לאכילה, ובכל פעם לא יאכל יותר משיעור של כשלושים גרם מאכל, או ארבעים גרם משקה. ולאחר כעשר דקות יאכל או ישתה שוב כמות זהה. ולפני יום הכיפורים יכין לעצמו מאכלים מסודרים ושקולים בשיעור של כשלושים גרם. ויכין לעצמו כלי המכיל כארבעים גרם משקה, ובכל פעם ימלא אותו וישתה ממנו (כמו בקבוק של תינוקות וכדומה).	ננוהגים להתעטף בטלית קודם שקיעת החמה (כדי שיוכל לברך עליה), ומתפללים כל תפילות יום הכיפורים בטלית, כדי שיתפלל עמו בכוונה. הכל חייבים להתענות ביום הכיפורים, ובכלל החיוב גם נשים מעוברות ומניקות שחייבות להתענות בו. וכל אשה שיש חשש לבריאותה מחמת התענית, תעשה שאלת חכם הבקיא בדינים אלו, שיורה לה אם תתענה. אסור לרחוץ במים ביום הכיפורים, ואפילו להושיט אצבעו במים אסור, ולא אסרו אלא רחיצה של תענוג, אבל אם היו ידיו או שאר גופו מלוכלכים בטיט וכדומה, מותר לרחצם, כיון שאינה רחיצה של תענוג. ביוהכ בשחרית יטול ידיו עד סוף קשרי אצבעותיו בלבד, ויטול שלוש פעמים לסירוגין כדרכו בכל ימות השנה, ומברך על נטילת ידיים. 	מדיני יום הכיפורים
"י""ד תשרי"	"י""א תשרי"	sukot.jpg	יש לעשות את הסיכוך באופן קל, שהכוכבים הגדולים נראים דרכו, ומכל מקום בדיעבד אפילו אם אין הכוכבים נראים דרכו, כשירה. אבל אם עשה את הסכך עבה כל כך עד שאפילו הגשמים אינם חודרים דרכו, יש לחוש לפסול סוכה זו. ויש להזהר שלא לעשות את הסוכה תחת מרפסת אחרת או תקרה, שסוכה כזו פסולה מן הדין.	ומחצלת של קש, שמן הסתם עשוייה לשכיבה, פסולה לסיכוך, שהרי היא ראויה לקבל טומאה, אבל מחצלת של קנים שעשויה לשם סכך, כשרה לסכך בה ללא חשש. הקישוטים שנוהגים לתלות תחת סכך הסוכה, בכדי ליפות את הסוכה, הרי הם עלולים לפסול את הסוכה מפני שהם אינם סכך כשר, ולכן כתב מרן הרב עובדיה יוסף שליטא, שצריך לתלות את קישוטי הסוכה שתחת הסכך, באופן שיהיו צמודים לסכך ותלויים בתוך ארבעה טפחים לסכך (שהם 32 סמ), ולא יהיו יורדים מן הסכך שיעור ארבעה טפחים שאז יש חשש פן יפסלו את הסוכה כאמור. אבל כשהם בתוך ארבעה טפחים, בטלים הם לגבי הסכך ואין כל חשש שיפסלו את הסוכה, אפילו אם הם גדולים מאוד.	הסוכה צריכה להיעשות משלוש דפנות וסכך, ואת הדפנות ניתן לעשות מכל דבר העומד בפני רוח, למעט סדינים וכדומה שאינם כשרים לדפנות. אם עושים את הדפנות מברזל או פלסטיק וכיוצא בזה מדברים שאין גידולם מן הארץ, אין להניח על גביהן את הסכך, אלא בהפסק של נסרים של עץ וכדומה, שהוא דבר הגדל מן הארץ ואינו מקבל טומאה. הסכך צריך שיהיה מדבר הגדל מן הארץ, כגון נסרים של עץ וענפי אילנות וכדומה. וצריך שיהיה הסכך תלוש מן הקרקע, למעט אילן המחובר לקרקע שאין לסכך בו. וכן צריך שיהיה הסכך מדבר שאינו מקבל טומאה, למעט מיני אוכלים או כלי עץ, כגון ארגז או תיבה של עץ. מפני שכל אלו הם ראויים לקבל טומאה.  המשך --->	הלכות בניית סוכה
"י""ז תשרי"	"ט""ו תשרי"	sukot.jpg	נאמר בתורה בסוכות תשבו שבעת ימים, ודרשו רבותינו תשבו כעין תדורו, כלומר, שלא חייבה התורה לאכול בסוכה אלא כדרך שאדם עושה בביתו, ולפיכך אם ירדו גשמים בסוכה או שכבה האור בסוכה ויש שם חושך, או שיש בסוכה זבובים ויתושים המטרידים את האדם, או שנושבת שם רוח, או שיש שם ריח רע וכדומה, פטור מלאכול בסוכה, שכל המצטער מן הסוכה פטור מלשבת בה. ולדעת רבינו הרמבם ועוד רבים מרבותינו הראשונים, כלל זה שייך אפילו בלילה הראשון של חג הסוכות, ואף על פי שאז יש מצות עשה מן התורה לאכול כזית פת בסוכה, מכל מקום המצטער פטור מן הסוכה. ומרן השולחן ערוך פסק להקל בזה כדעת הרמבם, אף בלילה הראשון של החג.	כאשר אוכל בסוכה אכילה שצריך לברך עליה ברכת לישב בסוכה, לכתחילה הנכון יותר הוא, שיברך לישב בסוכה לפני שמתיישב לאכול, ולאחר הברכה יישב ויברך על מה שאוכל ויאכל לשובע נפשו.	מצות עשה מן התורה לאכול כזית פת בלילה הראשון של חג הסוכות בסוכה. וצריך לכוין קודם אכילתו שהוא יושב בסוכה זכר ליציאת מצרים, ושהוא בא לקיים מצות עשה באכילתו.	דיני חג הסוכות
"י""ט תשרי"	"י""ח תשרי"	sukot.jpg	אמרו בגמרא (סוכה מב.) ילד קטן היודע לנענע לולב, חייב אביו לחנכו במצות לולב. וכתב מרן הרב עובדיה יוסף שליטא, שאם יד האב משגת, חייב גם לקנות לו לולב בפני עצמו, ולא יסתפק במה שנותן לבנו לנענע בלולב שלו, שהרי אם יעשה כן, בשעת ההקפות יישאר בנו בלא לולב, שהרי האב צריך ליטול את הלולב בזמן ההקפות, ולכן יקנה לבנו ארבעת המינים בכדי לחנכו למצוה  יקרה זו גם בזמן ההקפות. כתב רבינו יוסף חיים זצל, אדם חולה, שאינו יכול לבוא לבית הכנסת להקיף עם הציבור, יניח כסא או שולחן באמצע החדר, ויניח עליו ספר תנך קדוש או חמישה חומשי תורה, ויקיף, כדי שלא יתבטל מן ההקפות. 	אחרי אמירת ההלל, מוציאים ספר תורה מן ההיכל, ומניחים אותו על התיבה, וכל הקהל מקיפים את התיבה עם הלולב ומיניו. וכמו שאמרו במדרש (ילקוש תהילים סס תשג): ארחץ בניקיון כפי ואסובבה את מזבחך ה', כמו ששנינו, בכל יום היו מקיפים את המזבח, וכיצד הוא סדר ההקפה? כל ישראל נוטלים את לולביהם בידיהם הימנית, ואתרוגיהם בידיהם השמאלית ומקיפים. ובזמן הזה, חזן בית הכנסת עומד כמלאך האלוקים וספר תורה בזרועו והעם מקיפין אותו דוגמת הקפת המזבח. 	בימי חג הסוכות, אחר החזרה של תפילת שחרית, נוטלים את הלולב ביד ימין כשהוא אגוד (קשור) עם ההדסים והערבות, ומברכים אשר קדשנו במצוותיו וצוונו על נטילת לולב, וביום הראשון של חג הסוכות מברכים גם ברכת שהחיינו, ואחר כך נוטל בידו השמאלית גם את האתרוג צמוד ללולב. ויש לנענע הלולב ומיניו לארבע רוחות העולם ומעלה ומטה, מוליך ומביא מעלה ומוריד, כפי שנוהגים. (ראה בסידור: סדר הנענועים לדעת הארי - 3 פעמים לכל צד: דרום, צפון, מזרח, למעלה, למטה ומסיים בצד מערב). וביום השבת אסור לטלטל את הלולב ומיניו משום שהם מוקצה, שאין נוטלים לולב ביום השבת, וגם אין אומרים כלל את סדר ההקפות בשבת.	מענייני נטילת ארבעת המינים והקפות
"כ""א תשרי"	כ תשרי	sukot.jpg	כתב רבינו יוסף חיים, בעל ספר בן איש חי, (בספרו סוד ישרים), שהנשים, גם כן יכולות להישאר ערות כל ליל הושענא רבה, כי תיקון ליל הושענא רבה שייך גם אליהן, כדין הגברים. (בשונה מליל שבועות, שאל להן להישאר ערות). וכל אשה תעשה כחכמתה, שלא תתבטל מחמת הנהגה טובה זו, מהדבר העיקרי, והוא ההכנות לכבוד חג שמחת תורה. נוהגים ביום הושענא רבה אחר תפילת מוסף, לקחת חמישה בדי ערבה, ולחבטן בקרקע חמש פעמים. לקיים מנהג נביאים שנהגו כן. ומי שאין לו אלא שלושה בדי ערבה, יוכל לצרף אליהן את שני בדי הערבה הקשורים עם הלולב, לאחר שיתיר אותן מהלולב, ויחברם אל שלושת הערבות שבידו.	כתב הפלא יועץ (הרב אלעזר פאפו זצוקל) בספרו יעלזו חסידים, שישנו לילה אחד והוא ליל הושענא רבה, שבו הנשמות יוצאות מן הקברות ומבקשות רחמים מלפני הקבה שלא יגזור מיתה על החיים, וכן גם על אותם שנגזר עליהם מיתה מבקשות שישובו מדרכם הרעה ושימותו בחולי קל, וכן על כל עניין של חיים ושל מתים ועל עצמן למהר לסור דין מעליהם ומעל אחרים. ומה טוב שיתפללו גם כן החיים בבית הכנסת באותו פרק זמן, שבהיות מתפללים אלה נוכח אלה, אלה מפה ואלה מפה תפילתם תעשה פירות - עד כאן דבריו. ונהגו ישראל לברך ביום זה איש את רעהו בברכת פתקא טבא (פתק טוב), שיום זה הוא יום חיתום הדין ומסירת הפתקים הן לטובה והן לרעה חו.	יום השביעי של חג הסוכות, נקרא יום הושענא רבה, ומרבים בו בלימוד התורה ובתפילה. ובו מקיפים את התיבה שבע פעמים, ומרבים בסליחות ובתחנונים, ומתפללים בו לגשמי ברכה, לפי שבחג הסוכות נדונים על המים (ראש השנה דף טז). אולם מאחר ומדובר ביום חג, לכן אסור לומר ויעבור ה' על פניו כפי שאומרים בימים הנוראים. וכן כשהחזן אומר רחמנא, לא עונים לו בדיל ויעבור, אלא עונים אמן בלבד. (כן הורה מרן החידא. ספר חזון עובדיה על סוכות עמוד תלז). וביום זה נחתם דינו של האדם, ובליל יום שמחת תורה נמסר דינו באופן מוחלט. 	מדיני ומנהגי יום הושענא רבה
"כ""ב תשרי"	"כ""ב תשרי"	st.jpg	מתחילין לומר משיב הרוח ומוריד הגשם בתפילת מוסף של שמחת תורה, והזכרה זו אינה שאלה ובקשה על הגשם, אלא היא שבח להשם יתברך, ולכן הזכרה זו נקראת גבורות גשמים, אבל שאלת טל ומטר שבברכת השנים, היא בקשה מהשם יתברך על הגשם, וישנם כמה הבדלים בהלכה בין הזכרת גבורות גשמים שבברכת אתה גבור, לבין שאלת טל ומטר שבברכת השנים, והשינוי הראשון הוא, שמזכירין גבורות גשמים כבר מתפילת מוסף של שמחת תורה, ואילו שאלת גשמים אינה אלא מליל שבעה במרחשון (ז' במרחשון). מי שטעה במוסף או במנחה של שמחת תורה ולא הזכיר משיב הרוח ומוריד הגשם, אלא רק מוריד הטל, כדרכו בכל ימות הקיץ - אינו חוזר.	יש מקומות שנוהגים שכאשר יש ציבור גדול בבית הכנסת, וכולם רוצים לזכות לעלות לספר תורה ביום שמחת תורה, שמוציאים ספר תורה נוסף, ומלווים אותו יותר מעשרה אנשים מן הקהל לחדר אחר הסמוך לבית הכנסת, שיש שם תיבה, ועומד שם שליח ציבור נוסף, וקורא בתורה בפרשת וזאת הברכה, לכל אחד מן הקהל שבאו עם הספר תורה, (מלבד הקריאה בבית הכנסת), ומיד כשמסיימים הקריאה בספר תורה בחדר הסמוך לבית הכנסת מחזירים הספרי תורה להיכל של בית הכנסת. וזאת כדי לחסוך זמן, למנוע טורח ציבור, ולסיים במהרה את קריאת כל העולים לספר תורה. ומותר לטלטל הספר תורה לחדר האחר לצורך קריאה זו. [חזון עובדיה סוכות].	אחר התפילה מנהג ישראל להקיף שבע הקפות את התיבה, כשספר תורה מונח עליה, ובספרי תורה בידיהם. וכן נוהגים ביום שמחת תורה אחר התפילות. וששים ושמחים בשירות ותשבחות בשמחת התורה, בריקודים ובמחיאות כפים, ואפילו אם חל בשבת מותר. ואף על פי ששנינו במשנה (ביצה לו:) אין מרקדים ולא מטפחים (כף אל כף במחיאות כפים) ביום טוב קל וחומר בשבת, ואמרו בגמרא שם, שהוא משום גזרה שמא יתקן כלי שיר, אף על פי כן ביום שמחת תורה התירו חכמים ריקוד ומחיאות כפים לכבוד התורה - ומצוה נמי איכא. 	מענייני שמחת תורה – שמיני עצרת
"כ""ג תשרי"	"כ""ג תשרי"	hafets.jpg			"מרגל בחברו עובר בלא תעשה שנאמר (ויקרא י""ט ט""ז) :""לא תלך רכיל בעמך"". איזהו רכיל? זה שטוען דברים והולך מזה לזה ואומר : כך אמר פלוני עליך. וכך וכך שמעתי על פלוני שעשה לך. אף על פי שהוא אמת, הרי זה מחריב את העולם. ויש עוון גדול מזה עד מאוד והוא לשון הרע והוא בכלל לאו זה. והוא המספר בגנות חברו אף על פי שאומר אמת. אבל האומר שקר נמצא מוציא שם רע על חברו."	הלכות לשון הרע, פתיחה – לאוין, א
"כ""ד תשרי"	"כ""ד תשרי"	hafets.jpg			"ועובר גם המספר או המקבל בלאו (שמות כ""ג א') של ""לא תשא שמע שוא"" וקרוי גם ""לא תשיא"", ואם כן לאו זה כולל את שניהם, המספר והמקבל."	הלכות לשון הרע, פתיחה – לאוין, ב
"כ""ה תשרי"	"כ""ה תשרי"	hafets.jpg			"ועובר גם המספר במה שכתוב (דברים כ""ד ח'): השמר בנגע הצרעת לשמור מאוד ולעשות. ופרשו בספרא, שמה שכתבה התורה לשמור מאוד, הכוונה שלא לשכוח מליזהר בלשון הרע, שלא תבוא עליך הצרעת על ידי סיפור זה"	הלכות לשון הרע, פתיחה – לאוין, ג
"כ""ו תשרי"	"כ""ו תשרי"	hafets.jpg		כי בשמים כולן נכתבין בשם חבורת רשע. כי כן מובא בצוואת רבי אליעזר הגדול שצוה להורקנוס בנו וזה לשונו: בני, אל תשב בחבורות האומרים גנאי מחבריהם, כי כשהדברים עולים למעלה – בספר נכתבין וכל העומדים שם נכתבין בשם חבורת רשע	"עובר גם המספר והמקבל בלאו (ויקרא י""ט י""ד) ""לפני עוור לא תתן מכשול"". כי כל אחד נותן מכשול בפני חבירו, שיעבור על לאוין המפורשין בתורה. אך יש חלוק בזה בין המספר והמקבל בזה. שהמספר עובר בלאו בין היו השומעים מועטים או מרובים, ואדרבה ככל שיתרבו השומעים כן גודל הלאו. לא כן המקבל, ייתכן שאין עובר אלא רק אם הוא לבד, שאם לא היה מקשיב לא היה למספר למי לספר הלשון הרע. אבל אם יש שומעים אחרים, ייתכן שאין עובר על לאו זה אלא רק על שאר לאוין המפורשין בפתיחה זו. וכל זה אם בא לאחר תחילת הסיפור, אבל אם היה מתחילה, בוודאי עובר בכל האופנים כי על ידו התחיל האיסור. ועל כל פנים צריך להיזהר מחבורות כאלה, שלא לישב עמהם"	הלכות לשון הרע, פתיחה – לאוין, ד
"כ""ז תשרי"	"כ""ז תשרי"	hafets.jpg			"ועובר גם המספר בלאו (דברים ח' י""א) ""השמר לך פן תשכח את ה' אלוהיך"" שהוא אזהרה לגסי הרוח. כי כיון שהוא מלעיג על חבירו, מן הסתם הוא מחשיב את עצמו לחכם ולאיש באנשים כי אילו היה מכיר את נגעי עצמו, לא היה מלעיג לחברו. וידוע מאמר חז""ל בסוטה (ד:) שעוון הגאווה קשה הוא עד מאוד, כמו שמובא שם שעבור זה אין עפרו ננער לתחיית המתים. והוא כעובד כוכבים ומזלות, ושכינה מיללת עליו, ונקרא תועבה. ובפרט אם בסיפור הזה של לשון הרע הוא מכבד את עצמו, בוודאי עובר בלאו זה. מלבד מה שכרתוהו ז""ל מעולם הבא ואמרו (ירושלמי פרק ב' הלכה א'): ""המתכבד בקלון חברו- אין לו חלק לעולם הבא""."	הלכות לשון הרע, פתיחה – לאוין, ה
"כ""ח תשרי"	"כ""ח תשרי"	hafets.jpg			"ועובר גם המספר והמקבל בלאו (ויקרא כ""ב ל""ב) ""לא תחללו את שם קדשי"". אחרי שאין בזה תאווה או הנאה גשמית, שעל ידי זה יתגבר יצרו עליו, על כן נחשב העוון הזה כמרד ופריקת עול מלכות שמים בעלמא. ומחלל שם שמים בזה. וכל זה אפי' בסתם איש ישראל. ובפרט אם הוא איש חשוב שהכול מסתכלים על מעשיו בוודאי מתחלל השם על ידי זה. ועל אחת כמה וכמה אם היה העברה הזאת ברבים, בוודאי שהחטא גדול עד מאוד שנקרא מחלל שם שמים ברבים."	הלכות לשון הרע, פתיחה – לאוין, ו
ל תשרי	"כ""ט תשרי"	hafets.jpg			"ולפעמים עובר גם המספר בלאו של (ויקרא י""ט י""ז) ""לא תשנא את אחיך בלבבך"". כגון אם בפניו שלום ידבר את רעהו, ושלא בפניו מבאיש את ריחו בפני אחרים. ועל אחת כמה וכמה אם בפרוש מצווה להם, שלא ילכו ויודיעוהו וודאי עובר על לאו זה."	הלכות לשון הרע, פתיחה – לאוין, ז
א חשון	א חשון	hafets.jpg			"והוא עובר מתחילה על הנטירה בלב, על לאו ""לא תטור"". ואחר כך כשנוקם ממנו וסיפר עליו עבור זה הדברי גנות שראה עליו, עובר גם על לאו של ""לא תקום"". אלא צריך שימחה הדבר מליבו. לפעמים שהמספר עובר גם כן על לאו (ויקרא י""ט י""ח) של ""לא תקום ולא תטור"". כגון שיש לו שנאה עליו על דבר, שבקש ממנו לעשות לו טובה כגון הלוואה וכיוצא בזה, ולא היטיבו ועבור זה נוטר לו שנאה בליבו. וכשרואה אחר כך עליו דבר גנאי, מפרסמו בפנים אנשים"	הלכות לשון הרע, פתיחה – לאוין, ח ט
ב חשון	ב חשון	hafets.jpg			"ואם קם והעיד עליו לפני בית דין בדבר איסור ביחידי, כיון שאין יכול לבוא בזה שום תועלת בדבר ממון ושבועה ולא לענין לפסול את האיש הזה מחזקת כשרותו כיון שהוא עד אחד בדבר, אם כן שם רע בעלמא הוא מוציא עליו. ועובר על לאו של ""לא יקום עד אחד באיש לכל עוון ולכל חטאת"". וצריכין בית דין להלקותו עבור זה."	הלכות לשון הרע, פתיחה – לאוין, י
ג חשון	ג חשון	hafets.jpg			"וכל זה שכתבנו הוא במספר יחידי או שומע יחידי. אבל אם הוא מדבק את עצמו לחבורת אנשי רשע ובעלי לשון הרע, כדי לספר ולשמוע מהם. עובר גם כן על לאו ""לא תהיה אחרי רבים לרעות"". שהוא אזהרה לא להסכים ולהתחבר עם עושי עוול אף על פי שהם רבים. ועין לקמן באות ו' במצות עשה, שעובר גם על מצות עשה על התחברות רעה זו."	הלכות לשון הרע, פתיחה – לאוין, יא
ד חשון	ד חשון	hafets.jpg			"ופעמים רבות מצוי לאו נוסף: אסור לבזות אדם על פי מעשים שעשה בעבר, ייחוס משפחתי, חוסר חכמה או חוסר הצלחה. גם כאשר הדבר היה בין שניהם בלבד, יש בזה איסור ""לא תונו איש את עמיתו"", וקל וחומר בפני אחרים."	הלכות לשון הרע, פתיחה – לאוין, יג
ה חשון	ה חשון	hafets.jpg			"ואם הוא מחזיק במחלוקת על ידי סיפורו עובר גם על לאו (במדבר יז ה') של ""לא יהיה כקורח וכעדתו"" שהוא אזהרה לא להחזיק במחלוקת"	הלכות לשון הרע, פתיחה – לאוין, יב
ז חשון	ו חשון				תקנו חכמים לשאול  (לבקש) מה' יתברך טל ומטר בימות הגשמים בברכת השנים. ובארץ ישראל מתחילין לשאול מליל שבעה במרחשון. כלומר, בתפילת ערבית יש להתחיל באמירת ברך עלינו, ותן טל ומטר לברכה. וברכת השנים היא ברכה כוללת על צרכי בני אדם הנצרכים לשפע שיושפע אליהם ממרומים. ובכלל הברכה עניין הפרנסה והברכה שתהיה שרויה בכל מעשה ידינו. הרוצה לבקש על פרנסתו מאת ה' יתברך בתוך ברכת השנים, רשאי לעשות כן, רק יזהר בלשונו שתהיה הבקשה מנוסחת היטב ובקצרה. ויוכל להוסיף את בקשתו לפני שמסיים כי אל טוב ומטיב אתה ומברך השנים. וברבים מן הסידורים, ישנו נוסח מתוקן לבקש על הפרנסה בברכת שמע קולינו.	ברכת השנים
ח חשון	ח חשון	hafets.jpg			"אם גינהו בדברים עד שהשתנו פניו, עובר על ""לא תשא עליו חטא"". התורה הזהירה שלא לבייש יהודי אפילו בתוכחה שבינו לבין עצמו, וכל שכן שאין לביישו שלא בדרך תוכחה או ברבים."	הלכות לשון הרע, פתיחה – לאוין, יד
ט חשון	ט חשון	hafets.jpg			"אם מדובר ביתום או אלמנה, אפילו אם הם עשירים, וסיפור גנותם מצער אותם, עובר גם על ""כל אלמנה ויתום לא תענון"". התורה החמירה מאוד שלא להקניטם או להכאיב להם."	הלכות לשון הרע, פתיחה – לאוין, טו
י חשון	י חשון	hafets.jpg			לפעמים עובר גם על איסור חנופה, כגון שמספר לשון הרע כדי למצוא חן בעיני השומע, או שמסכים לדברי המספר אף שיודע שהם אסורים. חובה לא להחניף לעוברי עבירה ולא לחזק שנאה.	הלכות לשון הרע, פתיחה – לאוין, טז
י״א חשון	י״א חשון	hafets.jpg			"לפעמים מצוי עוד לאו של ""לא תקלל חרש"", כאשר מתוך כעס על אדם המספר בא לידי קללה. אם התורה אסרה לקלל אפילו מי שאינו שומע, כל שכן שיש להיזהר בדיבור על כל אדם."	הלכות לשון הרע, פתיחה – לאוין, יז
י״ב חשון	י״ב חשון	hafets.jpg			"המספר לשון הרע עובר על מצוות עשה של ""זכור את אשר עשה ה׳ אלוהיך למרים"". עלינו לזכור שמרים הצדקת נענשה אף שכוונתה היתה לטובה, ומזה נלמד חומרת הדיבור."	הלכות לשון הרע, פתיחה – עשין, א
י״ג חשון	י״ג חשון	hafets.jpg			"המספר או המקבל לשון הרע מבטל מצוות ""ואהבת לרעך כמוך"". אדם שאוהב את חברו אינו רוצה בגנותו ואינו שמח לשמוע או לפרסם חסרונותיו."	הלכות לשון הרע, פתיחה – עשין, ב
י״ד חשון	י״ד חשון	hafets.jpg			"לעיתים עובר גם על ""בצדק תשפוט עמיתך"". כאשר אפשר לפרש מעשה של אדם לכף זכות, אין להכריעו לגנאי ולספר עליו, אלא לדון אותו ביושר וברחמים."	הלכות לשון הרע, פתיחה – עשין, ג
ט״ו חשון	ט״ו חשון	hafets.jpg			אם על ידי הסיפור איבד חברו את פרנסתו, כגון שפרסם עליו שאינו נאמן או אינו מקצועי, עובר גם על החובה להחזיק את חברו ולא לגרום לו הפסד וצער.	הלכות לשון הרע, פתיחה – עשין, ד
ט״ז חשון	ט״ז חשון	hafets.jpg			"לפעמים המקבל לשון הרע עובר על מצוות ""הוכח תוכיח"". אם יכול להפסיק את המספר או להראות לו שאסור לדבר כך ואינו עושה זאת, הוא נכשל בשתיקה במקום תוכחה."	הלכות לשון הרע, פתיחה – עשין, ה
י״ז חשון	י״ז חשון	hafets.jpg			"מי שיושב עם בעלי לשון הרע ומתחבר אליהם עובר על מצוות ""ובו תדבק"", שכן עליו להידבק בטובים ובתלמידי חכמים ולא בחבורה שמרגילה לדיבור אסור."	הלכות לשון הרע, פתיחה – עשין, ו
י״ח חשון	י״ח חשון	hafets.jpg			"אם מדבר לשון הרע בבית הכנסת או בבית המדרש, עובר גם על ""ומקדשי תיראו"". מקום קדוש מחייב זהירות גדולה יותר בדיבור, במחשבה ובכבוד המקום."	הלכות לשון הרע, פתיחה – עשין, ז
י״ט חשון	י״ט חשון	hafets.jpg			"אם סיפר לשון הרע על זקן או תלמיד חכם וגינה אותו בפניו, עובר על ""והדרת פני זקן"". מצווה לכבד את הזקן, והדיבור בגנותו הוא היפך הכבוד."	הלכות לשון הרע, פתיחה – עשין, ח
כ חשון	כ חשון	hafets.jpg			"המספר לשון הרע על כהן וגינה אותו בכך עובר על ""וקדשתו"". התורה ציוותה לנהוג כבוד בכהנים, והמבזה אותם בדיבור מבטל כבוד זה."	הלכות לשון הרע, פתיחה – עשין, ט
כ״א חשון	כ״א חשון	hafets.jpg			"אם מספר לשון הרע על אחיו הגדול או על מי שחייב בכבודו מצד אביו ואמו, עובר גם על מצוות כיבוד אב ואם שנלמדת מריבוי ""ואת""."	הלכות לשון הרע, פתיחה – עשין, י
כ״ב חשון	כ״ב חשון	hafets.jpg			"המספר לשון הרע עובר על ""את ה׳ אלוהיך תירא"". מי שמפקיר את דיבורו שוכח שהקב״ה משגיח על כל מעשה ודיבור ודן את האדם לפי חומרת מעשיו."	הלכות לשון הרע, פתיחה – עשין, יא
כ״ג חשון	כ״ג חשון	hafets.jpg			בשעה שאדם מדבר לשון הרע הוא גם מבטל מצוות תלמוד תורה, ששכרה גדול מאוד והיא שקולה כנגד כל המצוות. במקום דיבור אסור עליו לעסוק בדברי תורה.	הלכות לשון הרע, פתיחה – עשין, יב
כ״ד חשון	כ״ד חשון	hafets.jpg			"אם בתוך הסיפור נתערב אפילו מקצת שקר, עובר גם על ""מדבר שקר תרחק"" ונעשה בגדר מוציא שם רע. חומרתו גדולה מלשון הרע הנאמרת על דבר אמת."	הלכות לשון הרע, פתיחה – עשין, י״ג
כ״ה חשון	כ״ה חשון	hafets.jpg			"עוד עובר על ""והלכת בדרכיו"". הקב״ה רחום וחנון וגומל חסדים, ואדם שמרגיל עצמו לדבר בגנות הבריות מתרחק מן המידות הטובות."	הלכות לשון הרע, פתיחה – עשין, י״ד
כ״ו חשון	כ״ו חשון	hafets.jpg			"המספר לשון הרע נוגע גם בארורים שנאמרו בתורה, כגון ""ארור מכה רעהו בסתר"" ו""ארור משגה עיוור בדרך"", כי הדיבור הרע פוגע בסתר ומכשיל אחרים."	הלכות לשון הרע, פתיחה – ארורין
כ״ז חשון	כ״ז חשון	hafets.jpg			"אסור לספר דבר גנות על חברו אפילו אם הגנות אמת. זהו לשון הרע, והמספר עובר על ""לא תלך רכיל בעמך"" כאשר הוא מפרסם דבר המבזה את חברו."	הלכות לשון הרע, כלל א, סעיף א׳
כ״ח חשון	כ״ח חשון	hafets.jpg			האיסור המפורש של לשון הרע אינו היחיד; על ידי סיפור לשון הרע עלול אדם לעבור על עוד הרבה לאוין ועשין, ולכן צריך זהירות גדולה מאוד.	הלכות לשון הרע, כלל א, סעיף ב׳
כ״ט חשון	כ״ט חשון	hafets.jpg			המספר לשון הרע במקרה עובר באיסור, ואם הורגל בכך בקביעות חטאו חמור יותר. הרגל של ישיבה וסיפור גנאי על אנשים הוא קלקול גדול.	הלכות לשון הרע, כלל א, סעיף ג׳
ל חשון	ל חשון	hafets.jpg			חז״ל אמרו שלשון הרע שקול כנגד עבירות חמורות. לכן אין להקל בו גם כאשר נראה כדיבור רגיל, כי כוחו להזיק גדול מאוד.	הלכות לשון הרע, כלל א, סעיף ד׳
"כ""ה כסלו"	א כסלו		אסור להשתמש לאור נרות חנוכה, ולכן אסור למנות מעות או לקרוא בספר לאורם של נרות אלו, ולאחר חצי שעה מזמן הדלקתם, מותר להשתמש באור הנרות לכל מה שירצה. 	כשמדליק נרות חנוכה בלילה הראשון, ידליק את הנר הקיצוני שבצד ימין, ובלילה השני ידליק את הנר הנוסף תחילה, ואחר כך ידליק את הנר שהודלק אתמול, ויוצא איפה שסדר הדלקת נרות חנוכה הוא משמאל לימין, כדי שיתחיל ההדלקה בנר החדש, שנוסף בגלל תוספת הנס שבתוספת הימים. 	כשמדליק נרות חנוכה צריך לדאוג שיהיה בנר די שמן כדי שידלוק לכל הפחות חצי שעה מזמן הדלקתו, וכן אם מדליק בנרות של שעווה, צריך להיזהר שיהיו הנרות גדולים כדי הצורך שידלקו לפחות חצי שעה מזמן הדלקתם אחר צאת הכוכבים (ומצויים נרות צבעוניים המותאמים במיוחד למנורות חנוכה קטנות, ואינם דולקים חצי שעה, ויש להיזהר שלא להדליק בהם.) 	דינים השייכים להדלקת נרות חנוכה
כ״ו כסלו	כ״ו כסלו	hafets.jpg			אין הבדל אם אדם מספר מעצמו או שחברו שכנע אותו לספר. גם אם אביו או רבו ביקשו ממנו לספר גנאי, אסור לו לעבור על איסור לשון הרע.	הלכות לשון הרע, כלל א, סעיף ה׳
כ״ז כסלו	כ״ז כסלו	hafets.jpg			אפילו אם הימנעות מלשון הרע תגרום הפסד בפרנסה או אי נעימות, אסור לספר. מצוות התורה עומדת גם מול לחץ והפסד.	הלכות לשון הרע, כלל א, סעיף ו׳
כ״ח כסלו	כ״ח כסלו	hafets.jpg			אם אדם יושב בין אנשים שמדברים דיבורים אסורים ואין לו דרך לצאת, עליו להימנע מלהשתתף. מוטב שיראה שונה בעיני אחרים ולא ייכשל בדיבור אסור.	הלכות לשון הרע, כלל א, סעיף ז
כ״ט כסלו	כ״ט כסלו	hafets.jpg			איסור לשון הרע שייך גם בכתיבה וברמז, לא רק בדיבור מפורש. כל דרך שבה מתפרסם גנותו של אדם בכלל האיסור.	הלכות לשון הרע, כלל א, סעיף ח ט
ל כסלו	ל כסלו	hafets.jpg			אסור לספר לשון הרע אפילו בפני אדם יחיד, וככל שמתרבים השומעים גדל העוון, מפני שהגנות מתפרסמת יותר ומכשילים יותר אנשים.	הלכות לשון הרע, כלל ב, סעיף א
א טבת	א טבת	hafets.jpg			ההיתר שנזכר לגבי דבר שנאמר בפני שלושה אינו היתר גמור לספר גנות, אלא נאמר בדבר שאינו גנאי גמור ומשתמע לשני פנים, ותלוי בדרך האמירה.	הלכות לשון הרע, כלל ב, סעיף ב
ב טבת	ב טבת	hafets.jpg			גם כאשר סיפור נאמר בפני שלושה, יש להיזהר מאוד שלא להסיק מכך היתר גורף. עצם המספר עבר, והמשך ההפצה תלוי בפרטים רבים.	הלכות לשון הרע, כלל ב, סעיף ג
ג טבת	ג טבת	hafets.jpg			גם במקום שיש צד היתר למה שנאמר בפני שלושה, הוא נאמר רק למי ששמע בעצמו, ולא למי ששמע מאחד מהם, אלא אם הדבר כבר נתפרסם לגמרי.	הלכות לשון הרע, כלל ב, סעיף ד
ד טבת	ד טבת	hafets.jpg			אם שלושת השומעים הם יראי אלוקים שנזהרים מלדבר לשון הרע, אין לומר שהדבר יתפרסם מאליו, ולכן אין להתיר להפיץ את הסיפור.	הלכות לשון הרע, כלל ב, סעיף ה
ה טבת	ה טבת	hafets.jpg			"היתר ""בפני שלושה"" נאמר דווקא באותה העיר ובתנאים מסוימים, ולא בעיר אחרת שבה הדבר אינו מפורסם."	הלכות לשון הרע, כלל ב, סעיף ו
ו טבת	ו טבת	hafets.jpg			אם המספר הזהיר את השומעים שלא לגלות, אסור לספר הלאה. גם כאשר אחרים עלולים לגלות, אין זה מתיר לאדם להיות המפרסם.	הלכות לשון הרע, כלל ב, סעיף ז
ז טבת	ז טבת	hafets.jpg			אין חילוק בלשון האזהרה: אם נאמר שלא לדבר או שלא יוודע מהם הדבר, בכל האופנים אסור לגלות לאדם אחר.	הלכות לשון הרע, כלל ב, סעיף ח
ח טבת	ח טבת	hafets.jpg			גם כאשר אין איסור בעצם החזרה על סיפור שנודע ברבים, אסור להוסיף אפילו מילה אחת או להטעים את הסיפור באופן שמגדיל את הגנות.	הלכות לשון הרע, כלל ב, הלכה ט
ט טבת	ט טבת	hafets.jpg			היתר סיפור שנאמר בפני שלושה אינו שייך אם ברור שהשומע יקבל את הסיפור כאמת או יוסיף ממנו גנאי. אין לגרום קלקול אצל השומע.	הלכות לשון הרע, כלל ב, הלכה י
י טבת	י טבת	hafets.jpg			אדם שהיה בדיון של טובי העיר אינו רשאי לגלות שהחלטה התקבלה בניגוד לדעתו כדי להטיל דופי בחבריו. זה בכלל רכילות ולשון הרע.	הלכות לשון הרע, כלל ב, סעיף י״א
י״א טבת	י״א טבת	hafets.jpg			אסור ללעוג לדרשן ולומר שאין בדרשותיו ממש. לעג כזה נחשב לשון הרע ופוגע בכבוד הבריות ובכבוד התורה.	הלכות לשון הרע, כלל ב, סעיף י״ב
י״ב טבת	י״ב טבת	hafets.jpg			כאשר אדם מגלה פרטים עסקיים בפני שלושה, יש לדון בזהירות אם רצה שיתפרסמו. אין לפרסם דברים שעלולים לגרום נזק או צער.	הלכות לשון הרע, כלל ב, סעיף י״ג
י״ג טבת	י״ג טבת	hafets.jpg			איסור לשון הרע הוא גם בדבר אמת, בין בסתר ובין בפניו. עצם פרסום הגנות הוא האיסור, ולא רק שקר או המצאה.	הלכות לשון הרע, כלל ג, סעיף א׳
י״ד טבת	י״ד טבת	hafets.jpg			דבר המשתמע לשני פנים תלוי בדרך אמירתו. אם נאמר באופן שמכוון לגנות, אף שאפשר לפרשו לטובה, יש בו חשש לשון הרע.	הלכות לשון הרע, כלל ג, סעיף ב׳
ט״ו טבת	ט״ו טבת	hafets.jpg			אסור לספר לשון הרע גם בלי שנאה ומתוך שחוק וקלות ראש. כיוון שהדברים הם דברי גנאי, הם אסורים מן התורה.	הלכות לשון הרע, כלל ג, סעיף ג
ט״ז טבת	ט״ז טבת	hafets.jpg			גם אם אינו מזכיר את שם האדם במפורש, אך השומע מבין מתוך הסיפור על מי מדובר, הדבר בכלל לשון הרע.	הלכות לשון הרע, כלל ג, סעיף ד
י״ז טבת	י״ז טבת	hafets.jpg			יש דיבורי לשון הרע הנאמרים כאילו לפי תומם, כאשר המספר מעמיד פנים שאינו מבין שהסיפור כולל גנאי. גם זו דרך אסורה.	הלכות לשון הרע, כלל ג, סעיף ה
י״ח טבת	י״ח טבת	hafets.jpg			גם אם לא נגרם נזק בפועל למי שסופר עליו, כגון שהשומעים לא קיבלו את הדברים, הסיפור עדיין נחשב לשון הרע וצריך כפרה.	הלכות לשון הרע, כלל ג, סעיף ו
י״ט טבת	י״ט טבת	hafets.jpg			בענייני דין לכף זכות יש כלל גדול: כאשר רואים אדם עושה מעשה שאפשר לפרשו בכמה דרכים, צריך לבחון לפי מדרגת האדם והנסיבות ולא למהר לגנות.	הלכות לשון הרע, כלל ג, הלכה ז׳
כ טבת	כ טבת	hafets.jpg			גם במקום שבו הכף נוטה לחובה ואין חובה גמורה לדון לזכות, אין למהר לבזות את האדם אצל אחרים. בין מחשבה פנימית לפרסום יש הבדל גדול.	הלכות לשון הרע, כלל ג, הלכה ח׳
כ״א טבת	כ״א טבת	hafets.jpg			אסור לספר על חברו דבר שיתבזה בו, גם כאשר ראה אותו מתנהג שלא כדין בענייני מצוות. אין להפוך ידיעה על חטא לפרסום גנות.	הלכות לשון הרע, כלל ד, סעיף א׳
כ״ב טבת	כ״ב טבת	hafets.jpg			אין חילוק אם מדובר באיסור לאו או עשה הידוע לרבים. כאשר הפרסום יבזה את האדם, יש להיזהר מאוד שלא לספר.	הלכות לשון הרע, כלל ד, סעיף ב׳
כ״ג טבת	כ״ג טבת	hafets.jpg			דין לכף זכות מתחלק לפי סוג האדם והמעשה. באדם בינוני שנכשל לפעמים יש לחפש אפשרות שטעה, לא התכוון או לא ידע.	הלכות לשון הרע, כלל ד, סעיף ג׳
כ״ד טבת	כ״ד טבת	hafets.jpg			בעבירה חמורה שידועה לכל, הדין משתנה לפי מצב האדם: אם בדרך כלל הוא נזהר, יש מקום לתלות שנכשל במקרה ולא לפרסמו לגנאי.	הלכות לשון הרע, כלל ד, סעיף ד׳
כ״ה טבת	כ״ה טבת	hafets.jpg			כאשר מדובר בלץ שאינו מקבל תוכחה ועלול להכשיל אחרים, לפעמים נכון למסור הדבר לדייני העיר או למי שיכול לתקן, ולא לפרסם סתם.	הלכות לשון הרע, כלל ד, סעיף ה׳
כ״ו טבת	כ״ו טבת	hafets.jpg			באדם שחוזר על מעשיו ואם רבו יכול להשפיע עליו, ייתכן שמותר לגלות לרבו לשם תיקון. ההיתר תלוי בכוונה לתועלת ולא בגנות.	הלכות לשון הרע, כלל ד, סעיף ו׳
כ״ז טבת	כ״ז טבת	hafets.jpg			החובה לדון לכף זכות נאמרה באדם שמנהגו להתחרט על חטאיו. במי שפרק עול ומחזיק ברשע, הדין שונה בפרטים מסוימים.	הלכות לשון הרע, כלל ד, סעיף ז׳
כ״ח טבת	כ״ח טבת	hafets.jpg			כאשר בית דין פסק לאדם דין והוא מסרב לקיים, יש מצבים שמותר לספר גנותו כדי להביאו לקיום הדין. גם אז צריך תנאי תועלת וזהירות.	הלכות לשון הרע, כלל ד, סעיף ח׳
כ״ט טבת	כ״ט טבת	hafets.jpg			אסור לספר על אדם שהוא בעל מידה רעה, כגון גאווה או כעס, גם אם רואים שהורגל בכך. פרסום מידות רעות עלול להיות לשון הרע.	הלכות לשון הרע, כלל ד, סעיף ט׳
א שבט	א שבט	hafets.jpg			מותר לפעמים להזהיר בן או תלמיד שלא להתחבר לאדם שמעשיו רעים, כאשר הכוונה להצילם שילמדו ממעשיו ולא לבזות את אותו אדם.	הלכות לשון הרע, כלל ד, סעיף י׳
ב שבט	ב שבט	hafets.jpg			לפני שידוך, עבודה או שותפות מותר לברר פרטים הנצרכים לתועלת, אך צריך לכוון לתועלת בלבד ולשאול ולענות בזהירות לפי הדין.	הלכות לשון הרע, כלל ד, סעיף י״א
ג שבט	ג שבט	hafets.jpg			מי שעבר וסיפר לשון הרע ורוצה לשוב, אם השומעים דחו את דבריו ולא נגרם גנאי, עליו לתקן בעיקר בין אדם למקום ולקבל לעתיד.	הלכות לשון הרע, כלל ד, סעיף י״ב
ד שבט	ד שבט	hafets.jpg			כשם שאסור לבזות בעניינים שבין אדם למקום, כך אסור לבזות בעניינים שבין אדם לחברו, אפילו אם הדבר אמת.	הלכות לשון הרע, כלל ה, סעיף א׳
ה שבט	ה שבט	hafets.jpg			אסור לבזות אדם מצד חסרון במעלותיו, כגון חכמה או עושר. גם דיבור על חוסר כישרון או חוסר הצלחה יכול להיות לשון הרע.	הלכות לשון הרע, כלל ה, סעיף ב׳
ו שבט	ו שבט	hafets.jpg			כנגד פיתוי היצר לומר שזה אינו לשון הרע, יחשוב האדם כיצד היה מרגיש אילו פרסמו עליו עצמו דברים כאלה.	הלכות לשון הרע, כלל ה, סעיף ג ד
ז שבט	ז שבט	hafets.jpg			אסור לספר על אדם שהוא חלש או חסר גבורה כאשר יכול להיגרם לו נזק, כגון בפרנסה או במעמדו. גם חסרונות גופניים בכלל האיסור.	הלכות לשון הרע, כלל ה, סעיף ה׳
ח שבט	ח שבט	hafets.jpg			בדיני לשון הרע תלוי גם על מי מדברים: דבר שנחשב שבח לאדם אחד עלול להיות גנאי לאדם אחר, לפי מצבו ותפקידו.	הלכות לשון הרע, כלל ה, סעיף ו׳
ט שבט	ט שבט	hafets.jpg			כשם שאסור להוציא דיבה על אדם, כך אסור להוציא דיבה על חפציו או עסקיו. דיבור שפוגע במסחרו של חברו הוא לשון הרע.	הלכות לשון הרע, כלל ה, סעיף ז׳
י שבט	י שבט	hafets.jpg			איסור לשון הרע הוא אפילו על אמת ובפני יחיד, וכל שכן בפני שניים, מפני שהשומעים מאמינים יותר ונגרם יותר בוז למי שמסופר עליו.	הלכות לשון הרע, כלל ה, סעיף ח׳
י״א שבט	י״א שבט	hafets.jpg			אסור לקבל לשון הרע בלב כאמת, בין בדברים שבין אדם למקום ובין שבין אדם לחברו. קבלה בלב גורמת לביזוי האדם בעיני השומע.	הלכות לשון הרע, כלל ו, סעיף א׳
י״ב שבט	י״ב שבט	hafets.jpg			גם שמיעת לשון הרע בלבד אסורה מן התורה כאשר אדם מטה אוזן לשמוע. יש הבדל בין שמיעה לקבלה, אך שתיהן דורשות זהירות.	הלכות לשון הרע, כלל ו, סעיף ב׳
י״ג שבט	י״ג שבט	hafets.jpg			כאשר צריך לברר על שותף או עניין מעשי, יש דרך מותרת לברר לתועלת. אין לשמוע גנות מתוך סקרנות אלא רק לצורך אמיתי ובזהירות.	הלכות לשון הרע, כלל ו, סעיף ג׳
י״ד שבט	י״ד שבט	hafets.jpg			לפעמים מצווה לשמוע כדי להציל, כגון שיוכל ללמד זכות, למנוע נזק או להפריך את הגנות. הכוונה צריכה להיות לתועלת ולא לקבלת הגנאי.	הלכות לשון הרע, כלל ו, סעיף ד׳
ט״ו שבט	ט״ו שבט	hafets.jpg			אם כבר יושב בחבורה והתחילו לדבר לשון הרע, עליו להוכיח אם יכול, או להתרחק אם אפשר. אם אינו יכול, יזהר שלא לקבל ולא להשתתף.	הלכות לשון הרע, כלל ו, סעיף ה׳
ט״ז שבט	ט״ז שבט	hafets.jpg			אם בשעה שבא לשבת איתם כבר דיברו דיבורים אסורים, או שהוא יכול להישמט מהם, אסור לו להישאר ולהקשיב.	הלכות לשון הרע, כלל ו, סעיף ו׳
י״ז שבט	י״ז שבט	hafets.jpg			גם אם הדברים ששמע אמת, כאשר אפשר לדון לכף זכות אסור לקבלם לגנאי. חובה לבחון אפשרות שהמעשה אינו רע כפי שסופר.	הלכות לשון הרע, כלל ו, סעיף ז׳
י״ח שבט	י״ח שבט	hafets.jpg			באיש בינוני וכל שכן ירא אלוקים, יש מצווה לדון לכף זכות יותר. לכן אין לקבל עליו סיפור גנאי בלי בירור והבנה נכונה.	הלכות לשון הרע, כלל ו, סעיף ח׳
י״ט שבט	י״ט שבט	hafets.jpg			איסור קבלת לשון הרע שייך גם על דברים שעשה בעבר. אין להחליט בלב שהגנאי אמת רק מפני ששמעו אותו מאדם אחר.	הלכות לשון הרע, כלל ו, סעיף ט׳
כ שבט	כ שבט	hafets.jpg			אף שאסור לקבל לשון הרע כאמת, מותר לחשוש לצורך שמירה וזהירות. החשש הוא מעשי בלבד, לא החלטה שהדבר אמת.	הלכות לשון הרע, כלל ו, סעיף י׳
כ״א שבט	כ״א שבט	hafets.jpg			כאשר מותר לחשוש, ההיתר הוא רק כדי לשמור את עצמו או אחרים, ולא כדי להזיק, לבזות או להאמין בלב לסיפור.	הלכות לשון הרע, כלל ו, סעיף י״א
כ״ב שבט	כ״ב שבט	hafets.jpg			מי שכבר שמע והאמין ללשון הרע צריך להוציא הדברים מלבו, לא להאמינם, לקבל על עצמו להיזהר בעתיד, ולתקן ככל יכולתו.	הלכות לשון הרע, כלל ו, סעיף י״ב
כ״ג שבט	כ״ג שבט	hafets.jpg			גם אם הסיפור נאמר בפרסום לפני רבים, אסור להחליט שהוא אמת. אפשר רק לחשוש ולברר, ואם יתברר כדין לפעול לפי הצורך.	הלכות לשון הרע, כלל ז, סעיף א׳
כ״ד שבט	כ״ד שבט	hafets.jpg			אין היתר להאמין ללשון הרע גם אם המספר אמר זאת בפני האדם שעליו מדובר, כל עוד לא שמענו הודאה ממנו ואין בירור אמיתי.	הלכות לשון הרע, כלל ז, סעיף ב׳
כ״ה שבט	כ״ה שבט	hafets.jpg			כשם שאסור לקבל לשון הרע מאחד, כך אסור לקבל משניים או יותר. ריבוי המספרים אינו הופך את הגנות לאמת ודאית.	הלכות לשון הרע, כלל ז, סעיף ג׳
כ״ו שבט	כ״ו שבט	hafets.jpg			גם אם יצא קול על אדם שעשה דבר שלא כראוי, אסור לקבל ולהאמין לקול. מותר רק לחשוש עד שיתברר הדבר.	הלכות לשון הרע, כלל ז, סעיף ד׳
כ״ז שבט	כ״ז שבט	hafets.jpg			לגבי אדם שהוחזק כרשע בעבירות ידועות יש פרטי דין מיוחדים, אך אין ללמוד מכך היתר כללי לקבל לשון הרע על כל אדם.	הלכות לשון הרע, כלל ז, סעיף ה׳
כ״ח שבט	כ״ח שבט	hafets.jpg			אם אדם סיפר דבר שיש בו גנאי עליו ועל חברו, מותר להאמין לו רק לגבי עצמו, אך לא לגבי חברו שעליו אין לו נאמנות.	הלכות לשון הרע, כלל ז, סעיף ו׳
כ״ט שבט	כ״ט שבט	hafets.jpg			"מרגל בחברו עובר בלא תעשה שנאמר (ויקרא י""ט ט""ז) :""לא תלך רכיל בעמך"". איזהו רכיל? זה שטוען דברים והולך מזה לזה ואומר : כך אמר פלוני עליך. וכך וכך שמעתי על פלוני שעשה לך. אף על פי שהוא אמת, הרי זה מחריב את העולם. ויש עוון גדול מזה עד מאוד והוא לשון הרע והוא בכלל לאו זה. והוא המספר בגנות חברו אף על פי שאומר אמת. אבל האומר שקר נמצא מוציא שם רע על חברו."	הלכות לשון הרע, פתיחה – לאוין, א
ל שבט	ל שבט	hafets.jpg			"ועובר גם המספר או המקבל בלאו (שמות כ""ג א') של ""לא תשא שמע שוא"" וקרוי גם ""לא תשיא"", ואם כן לאו זה כולל את שניהם, המספר והמקבל."	הלכות לשון הרע, פתיחה – לאוין, ב
ו אדר 	א אדר		---> אינה מגילה כשרה אלא מגילה מודפסת, ויזדרז בקריאתו וימשיך עד מקום שהשליח ציבור קורא בו, ואז ישתוק וימשיך לשמוע הקריאה מפי השליח ציבור. אסור לאכול קודם קריאת המגילה, ולפיכך, נשים שאינן יכולות לבוא בזמן התפילה לבית הכנסת לשמוע קריאת המגילה, וממתינות עד שיחזרו האנשים מבית הכנסת, ורק אחר כך הן שומעות קריאת המגילה, צריכות להיזהר ביום פורים בבוקר, שלא לאכול עד אשר תשמענה בעצמן את קריאת המגילה. ומכל מקום מותר לשתות קפה או תה או לטעום פירות קודם קריאת המגילה. וכן מותר לאכול אף עוגה או 	בעת קריאת המגילה אסור לדבר בשום עניין עד לאחר הברכה שבסוף קריאת המגילה. ואם השומע את הקריאה עבר ודיבר דברים אחרים בעוד שהקורא ממשיך בקריאתו, לא יצא ידי חובתו, ודינו כדין מי שלא שמע חלק מקריאת המגילה.	כל אדם מישראל חייב בקריאת המגילה ביום הפורים, וצריך לקרותה בלילה ולשוב ולקרותה ביום, שנאמר אלוהי, אקרא יומם ולא תענה ולילה ולא דומיה לי. ופסוק זה נאמר בספר תהילים בפרק למנצח על אילת השחר ואמרו בגמרא (יומא כט.) שאסתר נמשלה לאיילת השחר. ואין חילוק בין האנשים לנשים לענין חיוב שמיעת קריאת המגילה, כי אף הנשים חייבות בקריאה זו כדין האנשים. ואף על פי שבקצת מקומות נהגו שהנשים אינן שומעות מקרא מגילה אלא בלילה, אבל ביום לא היו שומעות - אין לנהוג כן, ומצוה לבטל מנהג זה שאין לו כל יסוד בהלכה, ובודאי הונהג על ידי עמי הארץ שבאותם המקומות. וישתקע הדבר ולא יאמר. (טבעת המלך).	מהלכות מקרא מגילה
ז אדר	ז אדר				בגמרא במסכת קדושין (לח.) מבואר כי ביום ז' אדר, שחל היום, נפטר משה רבינו עליו השלום. ומנהג חסידים ואנשי מעשה (הבריאים) להתענות ביום זה. וכמו שכתב מרן השלחן ערוך	יום ז' באדר
י אדר 	ח אדר		---> מלשמח לב עניים ויתומים ואלמנות וגרים, שהמשמח לה האומללים הללו, הרי הוא דומה לשכינה, שנאמר: להחיות רוח שפלים ולהחיות נפש נדכאים. ירא שמים ייתן מתנות לאביונים בעין יפה ובסבר פנים יפות, והנה שכרו ופעולתו לפניו, ואין קצבה במעות פורים, כי מן הדין די בנתינת פרוטה, שהוא סכום הקטן שיש בכל מקום (וכגון בארץ ישראל מטבע של עשר אגורות), ומכל מקום כאמור עדיף להרבות במתנות לאביונים מלהרבות בסעודת פורים ובמשלוח מנות.	ופירוש הדבר שתי מנות היינו שני מאכלים שונים, או מאכל ומשקה, כגון עוגה ובקבוק יין, והמנהג כיום לשלוח מיני מתיקה למשלוח מנות. וגם נשים חייבות לשלוח לחברותיהן משלוח מנות. כתב הרמבם (הלכות מגילה פרק ב.) חייב אדם לשלוח לחברו שתי מנות בשר, או שני מיני תבשיל, או שני מיני אכלים, שנאמר: ומשלוח מנות איש לרעהו, שתי מנות לאיש אחד, וכל המרבה לשלוח לרעים הרי זה משובח. וחייב לחלק לעניים מעות או מיני אכלים ביום הפורים, לא פחות משני עניים, שנותן לכל אחד מתנה אחת, שנאמר: ומתנות לאביונים. ומוטב לאדם להרבות במתנות לאביונים יותר מלהרבות בסעודתו ובמשלוח מנות לחברים, שאין שמחה גדולה מפוארה יותר ---> המשך	נאמר במגילת אסתר (ט. כב.) לעשות אותם ימי משתה ושמחה ומשלוח מנות איש לרעהו ומתנות לאביונים. ובגמרא במסכת מגילה (דף ז.) אמרו משלוח מנות שתי מנות לאיש אחד ומתנות לאביונים שתי מתנות לשני בני אדם.	דין משלוח מנות ומתנות לאביונים
יד אדר	י אדר		ומעוברת שאמרו שפטורה להתענות, הכוונה לאישה שכבר עברו עליה שלושה חודשים להריונה, ומכל מקום אם סובלת ממיחושים והקאות יכולה להקל גם בטרם מלאת שלושה חודשים להריונה, ובפרט לאחר ארבעים יום ליצירת הולד.	ולכן נהגו בכל תפוצות ישראל להתענות ביום זה בכל שנה ושנה, זכר לנס שנעשה להם. וצום זה נקרא תענית אסתר.	בימי מרדכי ואסתר התאספו היהודים בשלושה עשר לחודש אדר לעמוד על נפשם מפני אויביהם ושונאיהם, והיו צריכים וזקוקים לרחמי שמים מרובים, לבל יוכלו אויביהם לפגוע בהם, ועמדו בתפילה ובתחנונים וישבו בתענית באותו יום, כשם שעשה משה רבינו ביום שנלחם עם עמלק שעמד בתפילה ובתענית, וגבר ישראל. וה' יתברך אלוקי אבותינו שמע תחינתם וקיבל תשובתם ותעניתם ברצון, וביום אשר שברו (חשבו) אויבי היהודים לשלוט בהם, ונהפוך הוא, אשר ישלטו היהודים המה בשונאיהם, והרגו היהודים בשונאיהם שבעים וחמש אלף איש, מלבד שהרגו בשונאיהם בשושן הבירה, ולא נהרג אף אחד מישראל, כי לא בחיל ולא בכוח כי אם ברוחי אמר ה' צבאות.	תענית אסתר
ט״ו אדר	ט״ו אדר	hafets.jpg			"ועובר גם המספר במה שכתוב (דברים כ""ד ח'): השמר בנגע הצרעת לשמור מאוד ולעשות. ופרשו בספרא, שמה שכתבה התורה לשמור מאוד, הכוונה שלא לשכוח מליזהר בלשון הרע, שלא תבוא עליך הצרעת על ידי סיפור זה"	הלכות לשון הרע, פתיחה – לאוין, ג
ט״ז אדר	ט״ז אדר	hafets.jpg		כי בשמים כולן נכתבין בשם חבורת רשע. כי כן מובא בצוואת רבי אליעזר הגדול שצוה להורקנוס בנו וזה לשונו: בני, אל תשב בחבורות האומרים גנאי מחבריהם, כי כשהדברים עולים למעלה – בספר נכתבין וכל העומדים שם נכתבין בשם חבורת רשע	"עובר גם המספר והמקבל בלאו (ויקרא י""ט י""ד) ""לפני עוור לא תתן מכשול"". כי כל אחד נותן מכשול בפני חבירו, שיעבור על לאוין המפורשין בתורה. אך יש חלוק בזה בין המספר והמקבל בזה. שהמספר עובר בלאו בין היו השומעים מועטים או מרובים, ואדרבה ככל שיתרבו השומעים כן גודל הלאו. לא כן המקבל, ייתכן שאין עובר אלא רק אם הוא לבד, שאם לא היה מקשיב לא היה למספר למי לספר הלשון הרע. אבל אם יש שומעים אחרים, ייתכן שאין עובר על לאו זה אלא רק על שאר לאוין המפורשין בפתיחה זו. וכל זה אם בא לאחר תחילת הסיפור, אבל אם היה מתחילה, בוודאי עובר בכל האופנים כי על ידו התחיל האיסור. ועל כל פנים צריך להיזהר מחבורות כאלה, שלא לישב עמהם"	הלכות לשון הרע, פתיחה – לאוין, ד
י״ז אדר	י״ז אדר	hafets.jpg			"ועובר גם המספר בלאו (דברים ח' י""א) ""השמר לך פן תשכח את ה' אלוהיך"" שהוא אזהרה לגסי הרוח. כי כיון שהוא מלעיג על חבירו, מן הסתם הוא מחשיב את עצמו לחכם ולאיש באנשים כי אילו היה מכיר את נגעי עצמו, לא היה מלעיג לחברו. וידוע מאמר חז""ל בסוטה (ד:) שעוון הגאווה קשה הוא עד מאוד, כמו שמובא שם שעבור זה אין עפרו ננער לתחיית המתים. והוא כעובד כוכבים ומזלות, ושכינה מיללת עליו, ונקרא תועבה. ובפרט אם בסיפור הזה של לשון הרע הוא מכבד את עצמו, בוודאי עובר בלאו זה. מלבד מה שכרתוהו ז""ל מעולם הבא ואמרו (ירושלמי פרק ב' הלכה א'): ""המתכבד בקלון חברו- אין לו חלק לעולם הבא""."	הלכות לשון הרע, פתיחה – לאוין, ה
י״ח אדר	י״ח אדר	hafets.jpg			"ועובר גם המספר והמקבל בלאו (ויקרא כ""ב ל""ב) ""לא תחללו את שם קדשי"". אחרי שאין בזה תאווה או הנאה גשמית, שעל ידי זה יתגבר יצרו עליו, על כן נחשב העוון הזה כמרד ופריקת עול מלכות שמים בעלמא. ומחלל שם שמים בזה. וכל זה אפי' בסתם איש ישראל. ובפרט אם הוא איש חשוב שהכול מסתכלים על מעשיו בוודאי מתחלל השם על ידי זה. ועל אחת כמה וכמה אם היה העברה הזאת ברבים, בוודאי שהחטא גדול עד מאוד שנקרא מחלל שם שמים ברבים."	הלכות לשון הרע, פתיחה – לאוין, ו
י״ט אדר	י״ט אדר	hafets.jpg			"ולפעמים עובר גם המספר בלאו של (ויקרא י""ט י""ז) ""לא תשנא את אחיך בלבבך"". כגון אם בפניו שלום ידבר את רעהו, ושלא בפניו מבאיש את ריחו בפני אחרים. ועל אחת כמה וכמה אם בפרוש מצווה להם, שלא ילכו ויודיעוהו וודאי עובר על לאו זה."	הלכות לשון הרע, פתיחה – לאוין, ז
כ אדר	כ אדר	hafets.jpg			"והוא עובר מתחילה על הנטירה בלב, על לאו ""לא תטור"". ואחר כך כשנוקם ממנו וסיפר עליו עבור זה הדברי גנות שראה עליו, עובר גם על לאו של ""לא תקום"". אלא צריך שימחה הדבר מליבו. לפעמים שהמספר עובר גם כן על לאו (ויקרא י""ט י""ח) של ""לא תקום ולא תטור"". כגון שיש לו שנאה עליו על דבר, שבקש ממנו לעשות לו טובה כגון הלוואה וכיוצא בזה, ולא היטיבו ועבור זה נוטר לו שנאה בליבו. וכשרואה אחר כך עליו דבר גנאי, מפרסמו בפנים אנשים"	הלכות לשון הרע, פתיחה – לאוין, ח ט
כ״א אדר	כ״א אדר	hafets.jpg			"ואם קם והעיד עליו לפני בית דין בדבר איסור ביחידי, כיון שאין יכול לבוא בזה שום תועלת בדבר ממון ושבועה ולא לענין לפסול את האיש הזה מחזקת כשרותו כיון שהוא עד אחד בדבר, אם כן שם רע בעלמא הוא מוציא עליו. ועובר על לאו של ""לא יקום עד אחד באיש לכל עוון ולכל חטאת"". וצריכין בית דין להלקותו עבור זה."	הלכות לשון הרע, פתיחה – לאוין, י
כ״ב אדר	כ״ב אדר	hafets.jpg			"וכל זה שכתבנו הוא במספר יחידי או שומע יחידי. אבל אם הוא מדבק את עצמו לחבורת אנשי רשע ובעלי לשון הרע, כדי לספר ולשמוע מהם. עובר גם כן על לאו ""לא תהיה אחרי רבים לרעות"". שהוא אזהרה לא להסכים ולהתחבר עם עושי עוול אף על פי שהם רבים. ועין לקמן באות ו' במצות עשה, שעובר גם על מצות עשה על התחברות רעה זו."	הלכות לשון הרע, פתיחה – לאוין, יא
כ״ג אדר	כ״ג אדר	hafets.jpg			"ואם הוא מחזיק במחלוקת על ידי סיפורו עובר גם על לאו (במדבר יז ה') של ""לא יהיה כקורח וכעדתו"" שהוא אזהרה לא להחזיק במחלוקת"	הלכות לשון הרע, פתיחה – לאוין, יב
כ״ד אדר	כ״ד אדר	hafets.jpg			"ופעמים רבות מצוי לאו נוסף: אסור לבזות אדם על פי מעשים שעשה בעבר, ייחוס משפחתי, חוסר חכמה או חוסר הצלחה. גם כאשר הדבר היה בין שניהם בלבד, יש בזה איסור ""לא תונו איש את עמיתו"", וקל וחומר בפני אחרים."	הלכות לשון הרע, פתיחה – לאוין, יג
כ״ה אדר	כ״ה אדר	hafets.jpg			"אם גינהו בדברים עד שהשתנו פניו, עובר על ""לא תשא עליו חטא"". התורה הזהירה שלא לבייש יהודי אפילו בתוכחה שבינו לבין עצמו, וכל שכן שאין לביישו שלא בדרך תוכחה או ברבים."	הלכות לשון הרע, פתיחה – לאוין, יד
כ״ו אדר	כ״ו אדר	hafets.jpg			"אם מדובר ביתום או אלמנה, אפילו אם הם עשירים, וסיפור גנותם מצער אותם, עובר גם על ""כל אלמנה ויתום לא תענון"". התורה החמירה מאוד שלא להקניטם או להכאיב להם."	הלכות לשון הרע, פתיחה – לאוין, טו
כ״ז אדר	כ״ז אדר	hafets.jpg			לפעמים עובר גם על איסור חנופה, כגון שמספר לשון הרע כדי למצוא חן בעיני השומע, או שמסכים לדברי המספר אף שיודע שהם אסורים. חובה לא להחניף לעוברי עבירה ולא לחזק שנאה.	הלכות לשון הרע, פתיחה – לאוין, טז
כ״ח אדר	כ״ח אדר	hafets.jpg			"לפעמים מצוי עוד לאו של ""לא תקלל חרש"", כאשר מתוך כעס על אדם המספר בא לידי קללה. אם התורה אסרה לקלל אפילו מי שאינו שומע, כל שכן שיש להיזהר בדיבור על כל אדם."	הלכות לשון הרע, פתיחה – לאוין, יז
כ״ט אדר	כ״ט אדר	hafets.jpg			"המספר לשון הרע עובר על מצוות עשה של ""זכור את אשר עשה ה׳ אלוהיך למרים"". עלינו לזכור שמרים הצדקת נענשה אף שכוונתה היתה לטובה, ומזה נלמד חומרת הדיבור."	הלכות לשון הרע, פתיחה – עשין, א
א ניסן	א ניסן	hafets.jpg			"המספר או המקבל לשון הרע מבטל מצוות ""ואהבת לרעך כמוך"". אדם שאוהב את חברו אינו רוצה בגנותו ואינו שמח לשמוע או לפרסם חסרונותיו."	הלכות לשון הרע, פתיחה – עשין, ב
ב ניסן	ב ניסן	hafets.jpg			"לעיתים עובר גם על ""בצדק תשפוט עמיתך"". כאשר אפשר לפרש מעשה של אדם לכף זכות, אין להכריעו לגנאי ולספר עליו, אלא לדון אותו ביושר וברחמים."	הלכות לשון הרע, פתיחה – עשין, ג
ג ניסן	ג ניסן	hafets.jpg			אם על ידי הסיפור איבד חברו את פרנסתו, כגון שפרסם עליו שאינו נאמן או אינו מקצועי, עובר גם על החובה להחזיק את חברו ולא לגרום לו הפסד וצער.	הלכות לשון הרע, פתיחה – עשין, ד
ד ניסן	ד ניסן	hafets.jpg			"לפעמים המקבל לשון הרע עובר על מצוות ""הוכח תוכיח"". אם יכול להפסיק את המספר או להראות לו שאסור לדבר כך ואינו עושה זאת, הוא נכשל בשתיקה במקום תוכחה."	הלכות לשון הרע, פתיחה – עשין, ה
ה ניסן	ה ניסן	hafets.jpg			"מי שיושב עם בעלי לשון הרע ומתחבר אליהם עובר על מצוות ""ובו תדבק"", שכן עליו להידבק בטובים ובתלמידי חכמים ולא בחבורה שמרגילה לדיבור אסור."	הלכות לשון הרע, פתיחה – עשין, ו
ו ניסן	ו ניסן	hafets.jpg			"אם מדבר לשון הרע בבית הכנסת או בבית המדרש, עובר גם על ""ומקדשי תיראו"". מקום קדוש מחייב זהירות גדולה יותר בדיבור, במחשבה ובכבוד המקום."	הלכות לשון הרע, פתיחה – עשין, ז
ז ניסן	ז ניסן	hafets.jpg			"אם סיפר לשון הרע על זקן או תלמיד חכם וגינה אותו בפניו, עובר על ""והדרת פני זקן"". מצווה לכבד את הזקן, והדיבור בגנותו הוא היפך הכבוד."	הלכות לשון הרע, פתיחה – עשין, ח
ח ניסן	ח ניסן	hafets.jpg			"המספר לשון הרע על כהן וגינה אותו בכך עובר על ""וקדשתו"". התורה ציוותה לנהוג כבוד בכהנים, והמבזה אותם בדיבור מבטל כבוד זה."	הלכות לשון הרע, פתיחה – עשין, ט
ט ניסן	ט ניסן	hafets.jpg			"אם מספר לשון הרע על אחיו הגדול או על מי שחייב בכבודו מצד אביו ואמו, עובר גם על מצוות כיבוד אב ואם שנלמדת מריבוי ""ואת""."	הלכות לשון הרע, פתיחה – עשין, י
י ניסן	י ניסן	hafets.jpg			"המספר לשון הרע עובר על ""את ה׳ אלוהיך תירא"". מי שמפקיר את דיבורו שוכח שהקב״ה משגיח על כל מעשה ודיבור ודן את האדם לפי חומרת מעשיו."	הלכות לשון הרע, פתיחה – עשין, יא
י״א ניסן	י״א ניסן	hafets.jpg			בשעה שאדם מדבר לשון הרע הוא גם מבטל מצוות תלמוד תורה, ששכרה גדול מאוד והיא שקולה כנגד כל המצוות. במקום דיבור אסור עליו לעסוק בדברי תורה.	הלכות לשון הרע, פתיחה – עשין, יב
י״ב ניסן	י״ב ניסן	hafets.jpg			"אם בתוך הסיפור נתערב אפילו מקצת שקר, עובר גם על ""מדבר שקר תרחק"" ונעשה בגדר מוציא שם רע. חומרתו גדולה מלשון הרע הנאמרת על דבר אמת."	הלכות לשון הרע, פתיחה – עשין, י״ג
י״ג ניסן	י״ג ניסן	hafets.jpg			"עוד עובר על ""והלכת בדרכיו"". הקב״ה רחום וחנון וגומל חסדים, ואדם שמרגיל עצמו לדבר בגנות הבריות מתרחק מן המידות הטובות."	הלכות לשון הרע, פתיחה – עשין, י״ד
י״ד ניסן	י״ד ניסן	hafets.jpg			"המספר לשון הרע נוגע גם בארורים שנאמרו בתורה, כגון ""ארור מכה רעהו בסתר"" ו""ארור משגה עיוור בדרך"", כי הדיבור הרע פוגע בסתר ומכשיל אחרים."	הלכות לשון הרע, פתיחה – ארורין
ט״ו ניסן	ט״ו ניסן	hafets.jpg			"אסור לספר דבר גנות על חברו אפילו אם הגנות אמת. זהו לשון הרע, והמספר עובר על ""לא תלך רכיל בעמך"" כאשר הוא מפרסם דבר המבזה את חברו."	הלכות לשון הרע, כלל א, סעיף א׳
ט״ז ניסן	ט״ז ניסן	hafets.jpg			האיסור המפורש של לשון הרע אינו היחיד; על ידי סיפור לשון הרע עלול אדם לעבור על עוד הרבה לאוין ועשין, ולכן צריך זהירות גדולה מאוד.	הלכות לשון הרע, כלל א, סעיף ב׳
י״ז ניסן	י״ז ניסן	hafets.jpg			המספר לשון הרע במקרה עובר באיסור, ואם הורגל בכך בקביעות חטאו חמור יותר. הרגל של ישיבה וסיפור גנאי על אנשים הוא קלקול גדול.	הלכות לשון הרע, כלל א, סעיף ג׳
י״ח ניסן	י״ח ניסן	hafets.jpg			חז״ל אמרו שלשון הרע שקול כנגד עבירות חמורות. לכן אין להקל בו גם כאשר נראה כדיבור רגיל, כי כוחו להזיק גדול מאוד.	הלכות לשון הרע, כלל א, סעיף ד׳
י״ט ניסן	י״ט ניסן	hafets.jpg			אין הבדל אם אדם מספר מעצמו או שחברו שכנע אותו לספר. גם אם אביו או רבו ביקשו ממנו לספר גנאי, אסור לו לעבור על איסור לשון הרע.	הלכות לשון הרע, כלל א, סעיף ה׳
כ ניסן	כ ניסן	hafets.jpg			אפילו אם הימנעות מלשון הרע תגרום הפסד בפרנסה או אי נעימות, אסור לספר. מצוות התורה עומדת גם מול לחץ והפסד.	הלכות לשון הרע, כלל א, סעיף ו׳
כ״א ניסן	כ״א ניסן	hafets.jpg			אם אדם יושב בין אנשים שמדברים דיבורים אסורים ואין לו דרך לצאת, עליו להימנע מלהשתתף. מוטב שיראה שונה בעיני אחרים ולא ייכשל בדיבור אסור.	הלכות לשון הרע, כלל א, סעיף ז
כ״ב ניסן	כ״ב ניסן	hafets.jpg			איסור לשון הרע שייך גם בכתיבה וברמז, לא רק בדיבור מפורש. כל דרך שבה מתפרסם גנותו של אדם בכלל האיסור.	הלכות לשון הרע, כלל א, סעיף ח ט
כ״ג ניסן	כ״ג ניסן	hafets.jpg			אסור לספר לשון הרע אפילו בפני אדם יחיד, וככל שמתרבים השומעים גדל העוון, מפני שהגנות מתפרסמת יותר ומכשילים יותר אנשים.	הלכות לשון הרע, כלל ב, סעיף א
כ״ד ניסן	כ״ד ניסן	hafets.jpg			ההיתר שנזכר לגבי דבר שנאמר בפני שלושה אינו היתר גמור לספר גנות, אלא נאמר בדבר שאינו גנאי גמור ומשתמע לשני פנים, ותלוי בדרך האמירה.	הלכות לשון הרע, כלל ב, סעיף ב
כ״ה ניסן	כ״ה ניסן	hafets.jpg			גם כאשר סיפור נאמר בפני שלושה, יש להיזהר מאוד שלא להסיק מכך היתר גורף. עצם המספר עבר, והמשך ההפצה תלוי בפרטים רבים.	הלכות לשון הרע, כלל ב, סעיף ג
כ״ו ניסן	כ״ו ניסן	hafets.jpg			גם במקום שיש צד היתר למה שנאמר בפני שלושה, הוא נאמר רק למי ששמע בעצמו, ולא למי ששמע מאחד מהם, אלא אם הדבר כבר נתפרסם לגמרי.	הלכות לשון הרע, כלל ב, סעיף ד
כ״ז ניסן	כ״ז ניסן	hafets.jpg			אם שלושת השומעים הם יראי אלוקים שנזהרים מלדבר לשון הרע, אין לומר שהדבר יתפרסם מאליו, ולכן אין להתיר להפיץ את הסיפור.	הלכות לשון הרע, כלל ב, סעיף ה
כ״ח ניסן	כ״ח ניסן	hafets.jpg			"היתר ""בפני שלושה"" נאמר דווקא באותה העיר ובתנאים מסוימים, ולא בעיר אחרת שבה הדבר אינו מפורסם."	הלכות לשון הרע, כלל ב, סעיף ו
כ״ט ניסן	כ״ט ניסן	hafets.jpg			אם המספר הזהיר את השומעים שלא לגלות, אסור לספר הלאה. גם כאשר אחרים עלולים לגלות, אין זה מתיר לאדם להיות המפרסם.	הלכות לשון הרע, כלל ב, סעיף ז
ל ניסן	ל ניסן	hafets.jpg			אין חילוק בלשון האזהרה: אם נאמר שלא לדבר או שלא יוודע מהם הדבר, בכל האופנים אסור לגלות לאדם אחר.	הלכות לשון הרע, כלל ב, סעיף ח
א אייר	א אייר	hafets.jpg			גם כאשר אין איסור בעצם החזרה על סיפור שנודע ברבים, אסור להוסיף אפילו מילה אחת או להטעים את הסיפור באופן שמגדיל את הגנות.	הלכות לשון הרע, כלל ב, הלכה ט
ב אייר	ב אייר	hafets.jpg			היתר סיפור שנאמר בפני שלושה אינו שייך אם ברור שהשומע יקבל את הסיפור כאמת או יוסיף ממנו גנאי. אין לגרום קלקול אצל השומע.	הלכות לשון הרע, כלל ב, הלכה י
ג אייר	ג אייר	hafets.jpg			אדם שהיה בדיון של טובי העיר אינו רשאי לגלות שהחלטה התקבלה בניגוד לדעתו כדי להטיל דופי בחבריו. זה בכלל רכילות ולשון הרע.	הלכות לשון הרע, כלל ב, סעיף י״א
ד אייר	ד אייר	hafets.jpg			אסור ללעוג לדרשן ולומר שאין בדרשותיו ממש. לעג כזה נחשב לשון הרע ופוגע בכבוד הבריות ובכבוד התורה.	הלכות לשון הרע, כלל ב, סעיף י״ב
ה אייר	ה אייר	hafets.jpg			כאשר אדם מגלה פרטים עסקיים בפני שלושה, יש לדון בזהירות אם רצה שיתפרסמו. אין לפרסם דברים שעלולים לגרום נזק או צער.	הלכות לשון הרע, כלל ב, סעיף י״ג
ו אייר	ו אייר	hafets.jpg			איסור לשון הרע הוא גם בדבר אמת, בין בסתר ובין בפניו. עצם פרסום הגנות הוא האיסור, ולא רק שקר או המצאה.	הלכות לשון הרע, כלל ג, סעיף א׳
ז אייר	ז אייר	hafets.jpg			דבר המשתמע לשני פנים תלוי בדרך אמירתו. אם נאמר באופן שמכוון לגנות, אף שאפשר לפרשו לטובה, יש בו חשש לשון הרע.	הלכות לשון הרע, כלל ג, סעיף ב׳
ח אייר	ח אייר	hafets.jpg			אסור לספר לשון הרע גם בלי שנאה ומתוך שחוק וקלות ראש. כיוון שהדברים הם דברי גנאי, הם אסורים מן התורה.	הלכות לשון הרע, כלל ג, סעיף ג
ט אייר	ט אייר	hafets.jpg			גם אם אינו מזכיר את שם האדם במפורש, אך השומע מבין מתוך הסיפור על מי מדובר, הדבר בכלל לשון הרע.	הלכות לשון הרע, כלל ג, סעיף ד
י אייר	י אייר	hafets.jpg			יש דיבורי לשון הרע הנאמרים כאילו לפי תומם, כאשר המספר מעמיד פנים שאינו מבין שהסיפור כולל גנאי. גם זו דרך אסורה.	הלכות לשון הרע, כלל ג, סעיף ה
י״א אייר	י״א אייר	hafets.jpg			גם אם לא נגרם נזק בפועל למי שסופר עליו, כגון שהשומעים לא קיבלו את הדברים, הסיפור עדיין נחשב לשון הרע וצריך כפרה.	הלכות לשון הרע, כלל ג, סעיף ו
י״ב אייר	י״ב אייר	hafets.jpg			בענייני דין לכף זכות יש כלל גדול: כאשר רואים אדם עושה מעשה שאפשר לפרשו בכמה דרכים, צריך לבחון לפי מדרגת האדם והנסיבות ולא למהר לגנות.	הלכות לשון הרע, כלל ג, הלכה ז׳
י״ג אייר	י״ג אייר	hafets.jpg			גם במקום שבו הכף נוטה לחובה ואין חובה גמורה לדון לזכות, אין למהר לבזות את האדם אצל אחרים. בין מחשבה פנימית לפרסום יש הבדל גדול.	הלכות לשון הרע, כלל ג, הלכה ח׳
י״ד אייר	י״ד אייר	hafets.jpg			אסור לספר על חברו דבר שיתבזה בו, גם כאשר ראה אותו מתנהג שלא כדין בענייני מצוות. אין להפוך ידיעה על חטא לפרסום גנות.	הלכות לשון הרע, כלל ד, סעיף א׳
ט״ו אייר	ט״ו אייר	hafets.jpg			אין חילוק אם מדובר באיסור לאו או עשה הידוע לרבים. כאשר הפרסום יבזה את האדם, יש להיזהר מאוד שלא לספר.	הלכות לשון הרע, כלל ד, סעיף ב׳
ט״ז אייר	ט״ז אייר	hafets.jpg			דין לכף זכות מתחלק לפי סוג האדם והמעשה. באדם בינוני שנכשל לפעמים יש לחפש אפשרות שטעה, לא התכוון או לא ידע.	הלכות לשון הרע, כלל ד, סעיף ג׳
י״ז אייר	י״ז אייר	hafets.jpg			בעבירה חמורה שידועה לכל, הדין משתנה לפי מצב האדם: אם בדרך כלל הוא נזהר, יש מקום לתלות שנכשל במקרה ולא לפרסמו לגנאי.	הלכות לשון הרע, כלל ד, סעיף ד׳
י״ח אייר	י״ח אייר	hafets.jpg			כאשר מדובר בלץ שאינו מקבל תוכחה ועלול להכשיל אחרים, לפעמים נכון למסור הדבר לדייני העיר או למי שיכול לתקן, ולא לפרסם סתם.	הלכות לשון הרע, כלל ד, סעיף ה׳
י״ט אייר	י״ט אייר	hafets.jpg			באדם שחוזר על מעשיו ואם רבו יכול להשפיע עליו, ייתכן שמותר לגלות לרבו לשם תיקון. ההיתר תלוי בכוונה לתועלת ולא בגנות.	הלכות לשון הרע, כלל ד, סעיף ו׳
כ אייר	כ אייר	hafets.jpg			החובה לדון לכף זכות נאמרה באדם שמנהגו להתחרט על חטאיו. במי שפרק עול ומחזיק ברשע, הדין שונה בפרטים מסוימים.	הלכות לשון הרע, כלל ד, סעיף ז׳
כ״א אייר	כ״א אייר	hafets.jpg			כאשר בית דין פסק לאדם דין והוא מסרב לקיים, יש מצבים שמותר לספר גנותו כדי להביאו לקיום הדין. גם אז צריך תנאי תועלת וזהירות.	הלכות לשון הרע, כלל ד, סעיף ח׳
כ״ב אייר	כ״ב אייר	hafets.jpg			אסור לספר על אדם שהוא בעל מידה רעה, כגון גאווה או כעס, גם אם רואים שהורגל בכך. פרסום מידות רעות עלול להיות לשון הרע.	הלכות לשון הרע, כלל ד, סעיף ט׳
כ״ג אייר	כ״ג אייר	hafets.jpg			מותר לפעמים להזהיר בן או תלמיד שלא להתחבר לאדם שמעשיו רעים, כאשר הכוונה להצילם שילמדו ממעשיו ולא לבזות את אותו אדם.	הלכות לשון הרע, כלל ד, סעיף י׳
כ״ד אייר	כ״ד אייר	hafets.jpg			לפני שידוך, עבודה או שותפות מותר לברר פרטים הנצרכים לתועלת, אך צריך לכוון לתועלת בלבד ולשאול ולענות בזהירות לפי הדין.	הלכות לשון הרע, כלל ד, סעיף י״א
כ״ה אייר	כ״ה אייר	hafets.jpg			מי שעבר וסיפר לשון הרע ורוצה לשוב, אם השומעים דחו את דבריו ולא נגרם גנאי, עליו לתקן בעיקר בין אדם למקום ולקבל לעתיד.	הלכות לשון הרע, כלל ד, סעיף י״ב
כ״ו אייר	כ״ו אייר	hafets.jpg			כשם שאסור לבזות בעניינים שבין אדם למקום, כך אסור לבזות בעניינים שבין אדם לחברו, אפילו אם הדבר אמת.	הלכות לשון הרע, כלל ה, סעיף א׳
כ״ז אייר	כ״ז אייר	hafets.jpg			אסור לבזות אדם מצד חסרון במעלותיו, כגון חכמה או עושר. גם דיבור על חוסר כישרון או חוסר הצלחה יכול להיות לשון הרע.	הלכות לשון הרע, כלל ה, סעיף ב׳
כ״ח אייר	כ״ח אייר	hafets.jpg			כנגד פיתוי היצר לומר שזה אינו לשון הרע, יחשוב האדם כיצד היה מרגיש אילו פרסמו עליו עצמו דברים כאלה.	הלכות לשון הרע, כלל ה, סעיף ג ד
כ״ט אייר	כ״ט אייר	hafets.jpg			אסור לספר על אדם שהוא חלש או חסר גבורה כאשר יכול להיגרם לו נזק, כגון בפרנסה או במעמדו. גם חסרונות גופניים בכלל האיסור.	הלכות לשון הרע, כלל ה, סעיף ה׳
א סיון	א סיון	hafets.jpg			בדיני לשון הרע תלוי גם על מי מדברים: דבר שנחשב שבח לאדם אחד עלול להיות גנאי לאדם אחר, לפי מצבו ותפקידו.	הלכות לשון הרע, כלל ה, סעיף ו׳
ב סיון	ב סיון	hafets.jpg			כשם שאסור להוציא דיבה על אדם, כך אסור להוציא דיבה על חפציו או עסקיו. דיבור שפוגע במסחרו של חברו הוא לשון הרע.	הלכות לשון הרע, כלל ה, סעיף ז׳
ג סיון	ג סיון	hafets.jpg			איסור לשון הרע הוא אפילו על אמת ובפני יחיד, וכל שכן בפני שניים, מפני שהשומעים מאמינים יותר ונגרם יותר בוז למי שמסופר עליו.	הלכות לשון הרע, כלל ה, סעיף ח׳
ד סיון	ד סיון	hafets.jpg			אסור לקבל לשון הרע בלב כאמת, בין בדברים שבין אדם למקום ובין שבין אדם לחברו. קבלה בלב גורמת לביזוי האדם בעיני השומע.	הלכות לשון הרע, כלל ו, סעיף א׳
ה סיון	ה סיון	hafets.jpg			גם שמיעת לשון הרע בלבד אסורה מן התורה כאשר אדם מטה אוזן לשמוע. יש הבדל בין שמיעה לקבלה, אך שתיהן דורשות זהירות.	הלכות לשון הרע, כלל ו, סעיף ב׳
ו סיון	ו סיון	hafets.jpg			כאשר צריך לברר על שותף או עניין מעשי, יש דרך מותרת לברר לתועלת. אין לשמוע גנות מתוך סקרנות אלא רק לצורך אמיתי ובזהירות.	הלכות לשון הרע, כלל ו, סעיף ג׳
ז סיון	ז סיון	hafets.jpg			לפעמים מצווה לשמוע כדי להציל, כגון שיוכל ללמד זכות, למנוע נזק או להפריך את הגנות. הכוונה צריכה להיות לתועלת ולא לקבלת הגנאי.	הלכות לשון הרע, כלל ו, סעיף ד׳
ח סיון	ח סיון	hafets.jpg			אם כבר יושב בחבורה והתחילו לדבר לשון הרע, עליו להוכיח אם יכול, או להתרחק אם אפשר. אם אינו יכול, יזהר שלא לקבל ולא להשתתף.	הלכות לשון הרע, כלל ו, סעיף ה׳
ט סיון	ט סיון	hafets.jpg			אם בשעה שבא לשבת איתם כבר דיברו דיבורים אסורים, או שהוא יכול להישמט מהם, אסור לו להישאר ולהקשיב.	הלכות לשון הרע, כלל ו, סעיף ו׳
י סיון	י סיון	hafets.jpg			גם אם הדברים ששמע אמת, כאשר אפשר לדון לכף זכות אסור לקבלם לגנאי. חובה לבחון אפשרות שהמעשה אינו רע כפי שסופר.	הלכות לשון הרע, כלל ו, סעיף ז׳
י״א סיון	י״א סיון	hafets.jpg			באיש בינוני וכל שכן ירא אלוקים, יש מצווה לדון לכף זכות יותר. לכן אין לקבל עליו סיפור גנאי בלי בירור והבנה נכונה.	הלכות לשון הרע, כלל ו, סעיף ח׳
י״ב סיון	י״ב סיון	hafets.jpg			איסור קבלת לשון הרע שייך גם על דברים שעשה בעבר. אין להחליט בלב שהגנאי אמת רק מפני ששמעו אותו מאדם אחר.	הלכות לשון הרע, כלל ו, סעיף ט׳
י״ג סיון	י״ג סיון	hafets.jpg			אף שאסור לקבל לשון הרע כאמת, מותר לחשוש לצורך שמירה וזהירות. החשש הוא מעשי בלבד, לא החלטה שהדבר אמת.	הלכות לשון הרע, כלל ו, סעיף י׳
י״ד סיון	י״ד סיון	hafets.jpg			כאשר מותר לחשוש, ההיתר הוא רק כדי לשמור את עצמו או אחרים, ולא כדי להזיק, לבזות או להאמין בלב לסיפור.	הלכות לשון הרע, כלל ו, סעיף י״א
ט״ו סיון	ט״ו סיון	hafets.jpg			מי שכבר שמע והאמין ללשון הרע צריך להוציא הדברים מלבו, לא להאמינם, לקבל על עצמו להיזהר בעתיד, ולתקן ככל יכולתו.	הלכות לשון הרע, כלל ו, סעיף י״ב
ט״ז סיון	ט״ז סיון	hafets.jpg			גם אם הסיפור נאמר בפרסום לפני רבים, אסור להחליט שהוא אמת. אפשר רק לחשוש ולברר, ואם יתברר כדין לפעול לפי הצורך.	הלכות לשון הרע, כלל ז, סעיף א׳
י״ז סיון	י״ז סיון	hafets.jpg			אין היתר להאמין ללשון הרע גם אם המספר אמר זאת בפני האדם שעליו מדובר, כל עוד לא שמענו הודאה ממנו ואין בירור אמיתי.	הלכות לשון הרע, כלל ז, סעיף ב׳
י״ח סיון	י״ח סיון	hafets.jpg			כשם שאסור לקבל לשון הרע מאחד, כך אסור לקבל משניים או יותר. ריבוי המספרים אינו הופך את הגנות לאמת ודאית.	הלכות לשון הרע, כלל ז, סעיף ג׳
י״ט סיון	י״ט סיון	hafets.jpg			גם אם יצא קול על אדם שעשה דבר שלא כראוי, אסור לקבל ולהאמין לקול. מותר רק לחשוש עד שיתברר הדבר.	הלכות לשון הרע, כלל ז, סעיף ד׳
כ סיון	כ סיון	hafets.jpg			לגבי אדם שהוחזק כרשע בעבירות ידועות יש פרטי דין מיוחדים, אך אין ללמוד מכך היתר כללי לקבל לשון הרע על כל אדם.	הלכות לשון הרע, כלל ז, סעיף ה׳
כ״א סיון	כ״א סיון	hafets.jpg			אם אדם סיפר דבר שיש בו גנאי עליו ועל חברו, מותר להאמין לו רק לגבי עצמו, אך לא לגבי חברו שעליו אין לו נאמנות.	הלכות לשון הרע, כלל ז, סעיף ו׳
כ״ב סיון	כ״ב סיון	hafets.jpg			"מרגל בחברו עובר בלא תעשה שנאמר (ויקרא י""ט ט""ז) :""לא תלך רכיל בעמך"". איזהו רכיל? זה שטוען דברים והולך מזה לזה ואומר : כך אמר פלוני עליך. וכך וכך שמעתי על פלוני שעשה לך. אף על פי שהוא אמת, הרי זה מחריב את העולם. ויש עוון גדול מזה עד מאוד והוא לשון הרע והוא בכלל לאו זה. והוא המספר בגנות חברו אף על פי שאומר אמת. אבל האומר שקר נמצא מוציא שם רע על חברו."	הלכות לשון הרע, פתיחה – לאוין, א
כ״ג סיון	כ״ג סיון	hafets.jpg			"ועובר גם המספר או המקבל בלאו (שמות כ""ג א') של ""לא תשא שמע שוא"" וקרוי גם ""לא תשיא"", ואם כן לאו זה כולל את שניהם, המספר והמקבל."	הלכות לשון הרע, פתיחה – לאוין, ב
כ״ד סיון	כ״ד סיון	hafets.jpg			"ועובר גם המספר במה שכתוב (דברים כ""ד ח'): השמר בנגע הצרעת לשמור מאוד ולעשות. ופרשו בספרא, שמה שכתבה התורה לשמור מאוד, הכוונה שלא לשכוח מליזהר בלשון הרע, שלא תבוא עליך הצרעת על ידי סיפור זה"	הלכות לשון הרע, פתיחה – לאוין, ג
כ״ה סיון	כ״ה סיון	hafets.jpg		כי בשמים כולן נכתבין בשם חבורת רשע. כי כן מובא בצוואת רבי אליעזר הגדול שצוה להורקנוס בנו וזה לשונו: בני, אל תשב בחבורות האומרים גנאי מחבריהם, כי כשהדברים עולים למעלה – בספר נכתבין וכל העומדים שם נכתבין בשם חבורת רשע	"עובר גם המספר והמקבל בלאו (ויקרא י""ט י""ד) ""לפני עוור לא תתן מכשול"". כי כל אחד נותן מכשול בפני חבירו, שיעבור על לאוין המפורשין בתורה. אך יש חלוק בזה בין המספר והמקבל בזה. שהמספר עובר בלאו בין היו השומעים מועטים או מרובים, ואדרבה ככל שיתרבו השומעים כן גודל הלאו. לא כן המקבל, ייתכן שאין עובר אלא רק אם הוא לבד, שאם לא היה מקשיב לא היה למספר למי לספר הלשון הרע. אבל אם יש שומעים אחרים, ייתכן שאין עובר על לאו זה אלא רק על שאר לאוין המפורשין בפתיחה זו. וכל זה אם בא לאחר תחילת הסיפור, אבל אם היה מתחילה, בוודאי עובר בכל האופנים כי על ידו התחיל האיסור. ועל כל פנים צריך להיזהר מחבורות כאלה, שלא לישב עמהם"	הלכות לשון הרע, פתיחה – לאוין, ד
כ״ו סיון	כ״ו סיון	hafets.jpg			"ועובר גם המספר בלאו (דברים ח' י""א) ""השמר לך פן תשכח את ה' אלוהיך"" שהוא אזהרה לגסי הרוח. כי כיון שהוא מלעיג על חבירו, מן הסתם הוא מחשיב את עצמו לחכם ולאיש באנשים כי אילו היה מכיר את נגעי עצמו, לא היה מלעיג לחברו. וידוע מאמר חז""ל בסוטה (ד:) שעוון הגאווה קשה הוא עד מאוד, כמו שמובא שם שעבור זה אין עפרו ננער לתחיית המתים. והוא כעובד כוכבים ומזלות, ושכינה מיללת עליו, ונקרא תועבה. ובפרט אם בסיפור הזה של לשון הרע הוא מכבד את עצמו, בוודאי עובר בלאו זה. מלבד מה שכרתוהו ז""ל מעולם הבא ואמרו (ירושלמי פרק ב' הלכה א'): ""המתכבד בקלון חברו- אין לו חלק לעולם הבא""."	הלכות לשון הרע, פתיחה – לאוין, ה
כ״ז סיון	כ״ז סיון	hafets.jpg			"ועובר גם המספר והמקבל בלאו (ויקרא כ""ב ל""ב) ""לא תחללו את שם קדשי"". אחרי שאין בזה תאווה או הנאה גשמית, שעל ידי זה יתגבר יצרו עליו, על כן נחשב העוון הזה כמרד ופריקת עול מלכות שמים בעלמא. ומחלל שם שמים בזה. וכל זה אפי' בסתם איש ישראל. ובפרט אם הוא איש חשוב שהכול מסתכלים על מעשיו בוודאי מתחלל השם על ידי זה. ועל אחת כמה וכמה אם היה העברה הזאת ברבים, בוודאי שהחטא גדול עד מאוד שנקרא מחלל שם שמים ברבים."	הלכות לשון הרע, פתיחה – לאוין, ו
כ״ח סיון	כ״ח סיון	hafets.jpg			"ולפעמים עובר גם המספר בלאו של (ויקרא י""ט י""ז) ""לא תשנא את אחיך בלבבך"". כגון אם בפניו שלום ידבר את רעהו, ושלא בפניו מבאיש את ריחו בפני אחרים. ועל אחת כמה וכמה אם בפרוש מצווה להם, שלא ילכו ויודיעוהו וודאי עובר על לאו זה."	הלכות לשון הרע, פתיחה – לאוין, ז
כ״ט סיון	כ״ט סיון	hafets.jpg			"והוא עובר מתחילה על הנטירה בלב, על לאו ""לא תטור"". ואחר כך כשנוקם ממנו וסיפר עליו עבור זה הדברי גנות שראה עליו, עובר גם על לאו של ""לא תקום"". אלא צריך שימחה הדבר מליבו. לפעמים שהמספר עובר גם כן על לאו (ויקרא י""ט י""ח) של ""לא תקום ולא תטור"". כגון שיש לו שנאה עליו על דבר, שבקש ממנו לעשות לו טובה כגון הלוואה וכיוצא בזה, ולא היטיבו ועבור זה נוטר לו שנאה בליבו. וכשרואה אחר כך עליו דבר גנאי, מפרסמו בפנים אנשים"	הלכות לשון הרע, פתיחה – לאוין, ח ט
ל סיון	ל סיון	hafets.jpg			"ואם קם והעיד עליו לפני בית דין בדבר איסור ביחידי, כיון שאין יכול לבוא בזה שום תועלת בדבר ממון ושבועה ולא לענין לפסול את האיש הזה מחזקת כשרותו כיון שהוא עד אחד בדבר, אם כן שם רע בעלמא הוא מוציא עליו. ועובר על לאו של ""לא יקום עד אחד באיש לכל עוון ולכל חטאת"". וצריכין בית דין להלקותו עבור זה."	הלכות לשון הרע, פתיחה – לאוין, י
א תמוז	א תמוז	hafets.jpg			"וכל זה שכתבנו הוא במספר יחידי או שומע יחידי. אבל אם הוא מדבק את עצמו לחבורת אנשי רשע ובעלי לשון הרע, כדי לספר ולשמוע מהם. עובר גם כן על לאו ""לא תהיה אחרי רבים לרעות"". שהוא אזהרה לא להסכים ולהתחבר עם עושי עוול אף על פי שהם רבים. ועין לקמן באות ו' במצות עשה, שעובר גם על מצות עשה על התחברות רעה זו."	הלכות לשון הרע, פתיחה – לאוין, יא
ב תמוז	ב תמוז	hafets.jpg			"ואם הוא מחזיק במחלוקת על ידי סיפורו עובר גם על לאו (במדבר יז ה') של ""לא יהיה כקורח וכעדתו"" שהוא אזהרה לא להחזיק במחלוקת"	הלכות לשון הרע, פתיחה – לאוין, יב
ג תמוז	ג תמוז	hafets.jpg			"ופעמים רבות מצוי לאו נוסף: אסור לבזות אדם על פי מעשים שעשה בעבר, ייחוס משפחתי, חוסר חכמה או חוסר הצלחה. גם כאשר הדבר היה בין שניהם בלבד, יש בזה איסור ""לא תונו איש את עמיתו"", וקל וחומר בפני אחרים."	הלכות לשון הרע, פתיחה – לאוין, יג
ד תמוז	ד תמוז	hafets.jpg			"אם גינהו בדברים עד שהשתנו פניו, עובר על ""לא תשא עליו חטא"". התורה הזהירה שלא לבייש יהודי אפילו בתוכחה שבינו לבין עצמו, וכל שכן שאין לביישו שלא בדרך תוכחה או ברבים."	הלכות לשון הרע, פתיחה – לאוין, יד
ה תמוז	ה תמוז	hafets.jpg			"אם מדובר ביתום או אלמנה, אפילו אם הם עשירים, וסיפור גנותם מצער אותם, עובר גם על ""כל אלמנה ויתום לא תענון"". התורה החמירה מאוד שלא להקניטם או להכאיב להם."	הלכות לשון הרע, פתיחה – לאוין, טו
ו תמוז	ו תמוז	hafets.jpg			לפעמים עובר גם על איסור חנופה, כגון שמספר לשון הרע כדי למצוא חן בעיני השומע, או שמסכים לדברי המספר אף שיודע שהם אסורים. חובה לא להחניף לעוברי עבירה ולא לחזק שנאה.	הלכות לשון הרע, פתיחה – לאוין, טז
ז תמוז	ז תמוז	hafets.jpg			"לפעמים מצוי עוד לאו של ""לא תקלל חרש"", כאשר מתוך כעס על אדם המספר בא לידי קללה. אם התורה אסרה לקלל אפילו מי שאינו שומע, כל שכן שיש להיזהר בדיבור על כל אדם."	הלכות לשון הרע, פתיחה – לאוין, יז
ח תמוז	ח תמוז	hafets.jpg			"המספר לשון הרע עובר על מצוות עשה של ""זכור את אשר עשה ה׳ אלוהיך למרים"". עלינו לזכור שמרים הצדקת נענשה אף שכוונתה היתה לטובה, ומזה נלמד חומרת הדיבור."	הלכות לשון הרע, פתיחה – עשין, א
ט תמוז	ט תמוז	hafets.jpg			"המספר או המקבל לשון הרע מבטל מצוות ""ואהבת לרעך כמוך"". אדם שאוהב את חברו אינו רוצה בגנותו ואינו שמח לשמוע או לפרסם חסרונותיו."	הלכות לשון הרע, פתיחה – עשין, ב
י תמוז	י תמוז	hafets.jpg			"לעיתים עובר גם על ""בצדק תשפוט עמיתך"". כאשר אפשר לפרש מעשה של אדם לכף זכות, אין להכריעו לגנאי ולספר עליו, אלא לדון אותו ביושר וברחמים."	הלכות לשון הרע, פתיחה – עשין, ג
י״א תמוז	י״א תמוז	hafets.jpg			אם על ידי הסיפור איבד חברו את פרנסתו, כגון שפרסם עליו שאינו נאמן או אינו מקצועי, עובר גם על החובה להחזיק את חברו ולא לגרום לו הפסד וצער.	הלכות לשון הרע, פתיחה – עשין, ד
י״ב תמוז	י״ב תמוז	hafets.jpg			"לפעמים המקבל לשון הרע עובר על מצוות ""הוכח תוכיח"". אם יכול להפסיק את המספר או להראות לו שאסור לדבר כך ואינו עושה זאת, הוא נכשל בשתיקה במקום תוכחה."	הלכות לשון הרע, פתיחה – עשין, ה
י״ג תמוז	י״ג תמוז	hafets.jpg			"מי שיושב עם בעלי לשון הרע ומתחבר אליהם עובר על מצוות ""ובו תדבק"", שכן עליו להידבק בטובים ובתלמידי חכמים ולא בחבורה שמרגילה לדיבור אסור."	הלכות לשון הרע, פתיחה – עשין, ו
י״ד תמוז	י״ד תמוז	hafets.jpg			"אם מדבר לשון הרע בבית הכנסת או בבית המדרש, עובר גם על ""ומקדשי תיראו"". מקום קדוש מחייב זהירות גדולה יותר בדיבור, במחשבה ובכבוד המקום."	הלכות לשון הרע, פתיחה – עשין, ז
ט״ו תמוז	ט״ו תמוז	hafets.jpg			"אם סיפר לשון הרע על זקן או תלמיד חכם וגינה אותו בפניו, עובר על ""והדרת פני זקן"". מצווה לכבד את הזקן, והדיבור בגנותו הוא היפך הכבוד."	הלכות לשון הרע, פתיחה – עשין, ח
ט״ז תמוז	ט״ז תמוז	hafets.jpg			"המספר לשון הרע על כהן וגינה אותו בכך עובר על ""וקדשתו"". התורה ציוותה לנהוג כבוד בכהנים, והמבזה אותם בדיבור מבטל כבוד זה."	הלכות לשון הרע, פתיחה – עשין, ט
ז אב	"י""ז תמוז"		בשלוש השבתות של ימי בין המצרים מפטירים בנביא, לאחר קריאת התורה, שלוש הפטרות העוסקות בפורענות ובעונשים שיבואו על חטאי העם - תלתא דפורענותא (בשונה משבע דנחמתא). בימי בין המצרים חלים דיני אבלות על חורבן בית המקדש הראשון והשני, וככל שמתקרבים לתשעה באב - ביטויי האבל הולכים ומחמירים. (מתוך וויקיפדיה)	 הביטוי בין הַמְצָרִים מופיע במגילת איכה, המתארת את חורבן הבית הראשון ואת מצבה של ממלכת יהודה בעקבות החורבן: גָּלְתָה יְהוּדָה מֵעֹנִי, וּמֵרֹב עֲבֹדָה--הִיא יָשְׁבָה בַגּוֹיִם, לֹא מָצְאָה מָנוֹחַ, כָּל-רֹדְפֶיהָ הִשִּׂיגוּהָ, בֵּין הַמְּצָרִים. (איכה א, ג). גדולי המוסר דרשו על הפסוק שמתוך צערו של אדם ליבו מתעורר לחזרה בתשובה.	ימי בין המצרים הם שלושת השבועות שבין שבעה עשר בתמוז, היום שבו הובקעה חומת ירושלים, לתשעה באב, היום שבו חרב בית המקדש. ימים אלה מציינים את ימי הצרה והמצוקה הקשורים לחורבן, ונוהגים בהם מנהגי אבל ההולכים ומתגברים ככל שקרבים לתשעה באב.	ימי בין המצרים
י אב	ח אב		ובו ביום המוכן לפורענות, חרש טורנוסרופוס הרשע ממלכי אדום את ההיכל ואת סביביו, לקיים צִיּוֹן שָׂדֶה תֵחָרֵשׁ (ירמיהו כו,יח, מיכה ג,יב).	ונלכדה עיר גדולה ובית תור היה שמה, והיו בה אלפים ורבבות מישראל, (ביתר בזמן מרד בר כוכבא) והיה להם מלך גדול ודימו כל ישראל וגדולי החכמים שהוא המלך המשיח, ונפל ביד גויים ונהרגו כולם, והייתה צרה גדולה כמו חורבן המקדש, 	תשעה באב - חמישה דברים אירעו בו: נגזר על ישראל במדבר שלא ייכנסו לארץ (בעקבות חטא המרגלים), וחרב הבית בראשונה, ובשנייה (חרב בית המקדש השני), 	תשעה באב
י״א אב	י״א אב	hafets.jpg			"אם מספר לשון הרע על אחיו הגדול או על מי שחייב בכבודו מצד אביו ואמו, עובר גם על מצוות כיבוד אב ואם שנלמדת מריבוי ""ואת""."	הלכות לשון הרע, פתיחה – עשין, י
י״ב אב	י״ב אב	hafets.jpg			"המספר לשון הרע עובר על ""את ה׳ אלוהיך תירא"". מי שמפקיר את דיבורו שוכח שהקב״ה משגיח על כל מעשה ודיבור ודן את האדם לפי חומרת מעשיו."	הלכות לשון הרע, פתיחה – עשין, יא
"ט""ו אב"	"י""ג אב"			חזל מנו שישה אירועים שהתרחשו בתאריך זה. שניים מהם: מחילת מתי-מדבר והתרת נישואים בין השבטים. יש אומרים שכל הארועים מתקשרים לאהבה ואחדות ישראל ובכך מהווה טו באב תיקון של תשעה באב, בו נחרב בית המקדש בגלל שנאת חינם.	אָמַר רַבָּן שִׁמְעוֹן בֶּן גַּמְלִיאֵל, לֹא הָיוּ יָמִים טוֹבִים לְיִשְׂרָאֵל כַּחֲמִשָּׁה עָשָׂר בְּאָב וּכְיוֹם הַכִּפּוּרִים, שֶׁבָּהֶן בְּנוֹת יְרוּשָׁלַיִם יוֹצְאוֹת בִּכְלֵי לָבָן שְׁאוּלִין, שֶׁלֹּא לְבַיֵּשׁ אֶת מִי שֶׁאֵין לוֹ. כָּל הַכֵּלִים טְעוּנִין טְבִילָה. וּבְנוֹת יְרוּשָׁלַיִם יוֹצְאוֹת וְחוֹלוֹת (רוקדות) בַּכְּרָמִים... – המשנה בסוף מסכת תענית.	טו באב
"ט""ז אב"	"ט""ו אב"			בפרשה זו אנו מוצאים את הפרשה הראשונה בקריאת שמע ואת עשרת הדיברות. מפטירים בה בנחמת ישעיהו נחמו נחמו עמי[ישעיהו פרק מ'] זו ההפטרה הראשונה בסדרת שבע ההפטרות של הנחמה.	הפרשה השניה בספר דברים – מנין הפסוקים קיח הפרשה פותחת בתחינתו של משה רבינו להכנס לאי, ובדבריו אל בני ישראל הזוכים להיכנס אל הארץ. בפרשה מדובר על הנחיצות להזהר בעבודה זרה, תוך שהוא חוזר על מעמד הר סיני.	פרשת ואתחנן – שבת נחמו
"כ""ג אב"	"ט""ז אב"		שני טעמים בדבר: הטעם הראשון, כתב החיי אדם (כלל כו אות ג) משום דהמתפלל השכינה כנגדו ואסור להפסיק בינו לשכינה. טעם שני, כתב המשנה ברורה (שם סק טו) דאסור לעבור, מפני שמבטל כונת המתפלל על ידי זה.	אם אחר שיפסע שלש פסיעות יכנס לתוך ארבע אמותיו, לא יפסע שלש פסיעות, אלא ימתין עד שאותו שעומד אחריו יסיים תפלתו. ואם אחר שיפסע שלש פסיעות יהיה מצדו של המתפלל מלפניו, בתוך ארבע אמותיו, ולא יהיה ממול פניו ממש, רשאי לפסוע שלש פסיעות. 	אסור לעבור כנגד המתפללים בתוך ד' אמות, והיינו תוך 1.92 מטר מהמתפלל. ואיסור זה הוא אפילו בזמן הזה שאין הכל מכוונים. ודוקא לפניהם, אבל בצדיהם מותר לעבור ולעמוד אפילו בתוך ד' אמותיהם. ולכן מי שסיים תפלתו, ומאחוריו עומד מי שלא סיים תפלתו,	מהלכות תפילה
כ״ד אב	כ״ד אב	hafets.jpg			בשעה שאדם מדבר לשון הרע הוא גם מבטל מצוות תלמוד תורה, ששכרה גדול מאוד והיא שקולה כנגד כל המצוות. במקום דיבור אסור עליו לעסוק בדברי תורה.	הלכות לשון הרע, פתיחה – עשין, יב
כ אלול	"כ""ה אב"			חודש אלול והימים שבין ראש השנה ליום כיפור הם ימי רצון ורחמים וחשבון הנפש, והתפילה והתשובה מתקבלות בהם ביותר, לכן מרבים בתפילה ובסליחות ובמעשי צדקה באלול ובעשרת ימי התשובה. אופיים זה של ארבעים הימים האלו קשור בעלייתו של משה לשמים.	הסליחות הנאמרות באלול ובעשרת ימי תשובה, וגם בימי תענית שונים, הן פיוטים ותפילות שתוכנם בקשת סליחה ומחילה מד' על החטאים והעוונות שעשו בני ישראל. בפיוטים ובתפילות אלה משולבים פסוקים מהמקרא ורמזים למאמרי חזל המבטאים את רעיון התשובה וזכות האבות העומדת לבניהם, ובעיקר - מזכירים בהם כמה וכמה פעמים את שלוש עשרה המידות של הקדוש ברוך הוא. 	ימי הסליחות
כ״א אלול	כ״א אלול	hafets.jpg			"אם בתוך הסיפור נתערב אפילו מקצת שקר, עובר גם על ""מדבר שקר תרחק"" ונעשה בגדר מוציא שם רע. חומרתו גדולה מלשון הרע הנאמרת על דבר אמת."	הלכות לשון הרע, פתיחה – עשין, י״ג
כ״ב אלול	כ״ב אלול	hafets.jpg			"עוד עובר על ""והלכת בדרכיו"". הקב״ה רחום וחנון וגומל חסדים, ואדם שמרגיל עצמו לדבר בגנות הבריות מתרחק מן המידות הטובות."	הלכות לשון הרע, פתיחה – עשין, י״ד
כ״ג אלול	כ״ג אלול	hafets.jpg			"המספר לשון הרע נוגע גם בארורים שנאמרו בתורה, כגון ""ארור מכה רעהו בסתר"" ו""ארור משגה עיוור בדרך"", כי הדיבור הרע פוגע בסתר ומכשיל אחרים."	הלכות לשון הרע, פתיחה – ארורין
כ״ד אלול	כ״ד אלול	hafets.jpg			"אסור לספר דבר גנות על חברו אפילו אם הגנות אמת. זהו לשון הרע, והמספר עובר על ""לא תלך רכיל בעמך"" כאשר הוא מפרסם דבר המבזה את חברו."	הלכות לשון הרע, כלל א, סעיף א׳
כ״ה אלול	כ״ה אלול	hafets.jpg			האיסור המפורש של לשון הרע אינו היחיד; על ידי סיפור לשון הרע עלול אדם לעבור על עוד הרבה לאוין ועשין, ולכן צריך זהירות גדולה מאוד.	הלכות לשון הרע, כלל א, סעיף ב׳
"כ""ט אלול"	"כ""ו אלול"		ויש נוהגים לסיים בראש השנה שתי פעמים את כל התהילים, שיש בתהילים קנ פרקים, ופעמיים קנ עולה למניין כפר, (כי כפר בגימטריא שלוש מאות). וכתב בספר בן איש חי שיש נוהגים ללמוד בליל ראש השנה אחר הסעודה מסכת ראש השנה עם פירוש רבנו עובדיה מברטנורא, ומנהג יפה הוא. וכתב עוד רבנו יוסף חיים זצל בספר בן איש חי, שיזהר אדם שלא יבא לידי כעס בראש השנה, שמלבד האיסור לכעוס בכל השנה, אין זה סימן טוב לאדם להיות כעוס בימים אלו, ויזהר שלא יכעס אפילו בליבו. לכן על כל אדם להיות חכם עיניו בראשו, להכין עצמו מראש שיהיה שמח ביום רה, שאפילו אם יכעיסוהו באיזה דבר, יהיה גבור לשלוט ברוחו שלא לבוא לידי -כעס.	נהגו שלא לישון ביום ראש השנה, (דהיינו שינת צהרים וכדומה), שאין זה נאה לישון ביום שבו ספרי חיים וספרי מתים לפניו נפתחים. ואמרו בתלמוד ירושלמי שהישן בראש השנה גורם לכך שמזלו ישן. ולכן ישתדל כל אדם לקום בימי ראש השנה בעלות השחר, ולכל הפחות עם הנץ החמה, ויתכונן לתפילה בכוונה כראוי. ואם הוא עייף ומוכרח לישון, מותר לישון אחר חצות היום. וכן כתב רבנו חיים ויטאל, שרבו הארי זל נהג לישון בראש השנה אחר חצות היום. 	נוהגים לאכול בימי ראש השנה, בשר שמן ודברים מתוקים, ככתוב בספר נחמיה לכו אכלו משמנים ושתו ממתקים ושלחו מנות לאין נכון לו, כי קדוש היום לאדונינו. ואין מתענין כלל בראש השנה. ויש נוהגים בשעת ברכת המוציא לטבל הפת בדבש או בסוכר. וכתב בספר כף החיים שיטבל הפת גם במלח כמנהגו בכל השנה. ויש נוהגים שלא לאכול אגוזים בראש השנה. משום שאגוז גימטריא חטא (בלא אלף), ועל פי הקבלה נוהגים שלא לאכול ענבים שחורים בראש השנה, ודווקא שחורים, אבל לבנים (כלומר ירוקים), מותר, ואדרבא סימן טוב הם. ויש נוהגים שלא לאכול בראש השנה מאכל מריר או חמוץ או חריף, וכן כתוב בתשובות הגאונים שלא לאכול מאכל חריף.	ההנהגה הראוייה לימי ראש השנה
